timestamp,message_id,data_bytes,speed,ground_truth
2026-05-06 12:01:20.035958,0x102,2EF403E846004002,120.2,normal
2026-05-06 12:01:20.079983,0x201,312109C00C015202,125.77,normal
2026-05-06 12:01:20.099815,0x300,20B2083C53015202,83.7,normal
2026-05-06 12:01:20.113904,0x200,03FD0E7853005B03,10.21,normal
2026-05-06 12:01:20.149228,0x101,351608D35A016205,135.9,normal
2026-05-06 12:01:20.162013,0x102,02650A340F015E07,6.13,normal
2026-05-06 12:01:20.196804,0x301,108C0F1D25005307,42.36,normal
2026-05-06 12:01:20.209383,0x100,1A03073F16015D07,66.6,normal
2026-05-06 12:01:20.231869,0x201,2BC404101F016509,112.04,normal
2026-05-06 12:01:20.269059,0x102,0FC406024401420B,40.37,normal
2026-05-06 12:01:20.282055,0x100,2B090D6743005F0A,110.17,normal
2026-05-06 12:01:20.318285,0x102,1F1A033E0E00410D,79.62,normal
2026-05-06 12:01:20.350021,0x102,1EE903D14D015B0E,79.13,normal
2026-05-06 12:01:20.377164,0x200,12FF0AF90300510D,48.63,normal
2026-05-06 12:01:20.390747,0x102,2EAC033517013E10,119.48,normal
2026-05-06 12:01:20.407003,0x101,2433047538016310,92.67,normal
2026-05-06 12:01:20.438575,0x102,2C84072010003D12,113.96,normal
2026-05-06 12:01:20.447177,0x201,1CDE0C8910015512,73.9,normal
2026-05-06 12:01:20.458270,0x200,1BE3050126004B12,71.39,normal
2026-05-06 12:01:20.488481,0x101,04CB076B0B006C14,12.27,normal
2026-05-06 12:01:20.529824,0x200,109E0D2E61006214,42.54,normal
2026-05-06 12:01:20.563500,0x102,0EE303D109006917,38.11,normal
2026-05-06 12:01:20.586731,0x101,10BB0DCA3A014417,42.83,normal
2026-05-06 12:01:20.625995,0x201,2CF70BCD2B005B18,115.11,normal
2026-05-06 12:01:20.654359,0x200,05470D1729013E18,13.51,normal
2026-05-06 12:01:20.679119,0x101,07E70BFF0A00591A,20.23,normal
2026-05-06 12:01:20.690943,0x300,1D8208D82301591A,75.54,normal
2026-05-06 12:01:20.696855,0x301,187E091E4F00401C,62.7,normal
2026-05-06 12:01:20.721321,0x102,334A04EF3901531E,131.3,normal
2026-05-06 12:01:20.737000,0x101,1C790E5A2C003D1E,72.89,normal
2026-05-06 12:01:20.775052,0x300,071F06DD3700411E,18.23,normal
2026-05-06 12:01:20.806941,0x101,24100CB849016220,92.32,normal
2026-05-06 12:01:20.816251,0x300,0BB105F703005720,29.93,normal
2026-05-06 12:01:20.836088,0x201,32840FE720006B22,129.32,normal
2026-05-06 12:01:20.852725,0x102,0E0010495E004424,35.84,normal
2026-05-06 12:01:20.859521,0x102,364504CE5A006125,138.93,normal
2026-05-06 12:01:20.900153,0x300,1A5909271F006224,67.45,normal
2026-05-06 12:01:20.931619,0x101,052B0CCE4B004926,13.23,normal
2026-05-06 12:01:20.974092,0x101,06B703A853014327,17.19,normal
2026-05-06 12:01:20.986263,0x200,36A9035813004B27,139.93,normal
2026-05-06 12:01:21.022359,0x301,196D08A90E013C29,65.1,normal
2026-05-06 12:01:21.036545,0x100,250F0FFC0C005529,94.87,normal
2026-05-06 12:01:21.069315,0x200,0C7C0E8D51005F2A,31.96,normal
2026-05-06 12:01:21.103875,0x100,06C40A7D5D004F2B,17.33,normal
2026-05-06 12:01:21.120913,0x102,2440070660014A2E,92.8,normal
2026-05-06 12:01:21.162905,0x100,1E5D04C24001412D,77.73,normal
2026-05-06 12:01:21.173519,0x102,34D705003C006A30,135.27,normal
2026-05-06 12:01:21.210693,0x102,2AEB0E5001014131,109.87,normal
2026-05-06 12:01:21.248870,0x201,0E8A074D35015A31,37.22,normal
2026-05-06 12:01:21.288580,0x200,19C9045C25015131,66.01,normal
2026-05-06 12:01:21.319657,0x300,170D09FE19004732,59.01,normal
2026-05-06 12:01:21.354498,0x201,06940EC906005934,16.84,normal
2026-05-06 12:01:21.365345,0x201,13650F5B0E016A35,49.65,normal
2026-05-06 12:01:21.376966,0x101,086708F60B013D36,21.51,normal
2026-05-06 12:01:21.384182,0x100,02EB089A3B015E36,7.47,normal
2026-05-06 12:01:21.404927,0x101,1B970CCC58016638,70.63,normal
2026-05-06 12:01:21.411666,0x100,0CF205DA19015838,33.14,normal
2026-05-06 12:01:21.433316,0x100,146F0F6434014139,52.31,normal
2026-05-06 12:01:21.471655,0x100,32930C280A01663A,129.48,normal
2026-05-06 12:01:21.512761,0x301,28BA0AA74E015C3C,104.26,normal
2026-05-06 12:01:21.548921,0x100,1D5107263301663C,75.05,normal
2026-05-06 12:01:21.572433,0x102,22FA06261A00423F,89.54,normal
2026-05-06 12:01:21.596548,0x102,0CB8075B25014E40,32.56,normal
2026-05-06 12:01:21.614648,0x101,258005F41D016B40,96.0,normal
2026-05-06 12:01:21.656302,0x102,11F5090736016642,45.97,normal
2026-05-06 12:01:21.687405,0x201,214C0D353F004A42,85.24,normal
2026-05-06 12:01:21.721801,0x101,25FF099D56014243,97.27,normal
2026-05-06 12:01:21.751376,0x100,27B00AAC08016A43,101.6,normal
2026-05-06 12:01:21.761872,0x301,28AB084B3B006345,104.11,normal
2026-05-06 12:01:21.798677,0x300,0CDE0C9A3B004045,32.94,normal
2026-05-06 12:01:21.828323,0x100,1EE502D739005346,79.09,normal
2026-05-06 12:01:21.854229,0x201,31F409CF31005948,127.88,normal
2026-05-06 12:01:21.896478,0x100,06670C9808005C48,16.39,normal
2026-05-06 12:01:21.918223,0x201,29F40CB82101684A,107.4,normal
2026-05-06 12:01:21.953724,0x101,13EB0A021F00434B,50.99,normal
2026-05-06 12:01:21.964635,0x300,163D0CD12600604B,56.93,normal
2026-05-06 12:01:21.991755,0x300,27A00B1C30004E4C,101.44,normal
2026-05-06 12:01:22.036220,0x201,3B7308870B00664E,152.19,normal
2026-05-06 12:01:22.066703,0x100,202C032D45013C4E,82.36,normal
2026-05-06 12:01:22.089876,0x201,12760FF92E005250,47.26,normal
2026-05-06 12:01:22.106953,0x300,27AD0A2F0B006D50,101.57,normal
2026-05-06 12:01:22.147121,0x101,2DC503530A016D52,117.17,normal
2026-05-06 12:01:22.178748,0x200,05A70C0A5A013D52,14.47,normal
2026-05-06 12:01:22.193381,0x100,2A7B0DC914006953,108.75,normal
2026-05-06 12:01:22.224632,0x100,004C04DF05015A54,0.76,normal
2026-05-06 12:01:22.261691,0x101,2E74061505016456,118.92,normal
2026-05-06 12:01:22.303803,0x201,2BA20DF154003E57,111.7,normal
2026-05-06 12:01:22.316875,0x100,1B970A1D4B015B57,70.63,normal
2026-05-06 12:01:22.355920,0x100,282D037513004958,102.85,normal
2026-05-06 12:01:22.389316,0x301,1F0E09B205005A5A,79.5,normal
2026-05-06 12:01:22.396010,0x300,2409085C1100405A,92.25,normal
2026-05-06 12:01:22.408351,0x301,17490A284F005B5C,59.61,normal
2026-05-06 12:01:22.436248,0x100,33BC0A221E00585C,132.44,normal
2026-05-06 12:01:22.469239,0x200,3ACA04E40E00555D,150.5,normal
2026-05-06 12:01:22.490400,0x102,0685100A0D014960,16.69,normal
2026-05-06 12:01:22.507588,0x102,216A083640015061,85.54,normal
2026-05-06 12:01:22.528940,0x101,202C0AF520013D61,82.36,normal
2026-05-06 12:01:22.550676,0x102,0C56040939005863,31.58,normal
2026-05-06 12:01:22.583756,0x200,28C70B2A1F006362,104.39,normal
2026-05-06 12:01:22.610722,0x102,223C09EE24015565,87.64,normal
2026-05-06 12:01:22.645190,0x300,2EC60E5B32015664,119.74,normal
2026-05-06 12:01:22.682185,0x101,2DCB07FB31004166,117.23,normal
2026-05-06 12:01:22.690067,0x201,037903CB1C014C67,8.89,normal
2026-05-06 12:01:22.701987,0x101,289E0F1301006568,103.98,normal
2026-05-06 12:01:22.741249,0x101,086706013C014169,21.51,normal
2026-05-06 12:01:22.760846,0x301,328D08E14D004B6A,129.41,normal
2026-05-06 12:01:22.793352,0x201,183D0F6340003C6B,62.05,normal
2026-05-06 12:01:22.806714,0x102,08F50C761000656D,22.93,normal
2026-05-06 12:01:22.851280,0x200,34710DB16401436C,134.25,normal
2026-05-06 12:01:22.874210,0x102,04610E284C00516F,11.21,normal
2026-05-06 12:01:22.897983,0x100,09E506125B013E6E,25.33,normal
2026-05-06 12:01:22.912297,0x101,1ACF10583B015470,68.63,normal
2026-05-06 12:01:22.920661,0x101,2E220E6940015C71,118.1,normal
2026-05-06 12:01:22.952469,0x201,03A20CA525015672,9.3,normal
2026-05-06 12:01:22.971008,0x201,1E2809FF4D016673,77.21,normal
2026-05-06 12:01:22.996199,0x300,1DD1046055004D73,76.33,normal
2026-05-06 12:01:23.021152,0x102,05BE030828016976,14.7,normal
2026-05-06 12:01:23.051385,0x100,1288070F13003D75,47.44,normal
2026-05-06 12:01:23.093484,0x102,10D104AE3C013C78,43.05,normal
2026-05-06 12:01:23.109605,0x201,279C0C7D63015B78,101.4,normal
2026-05-06 12:01:23.133705,0x201,387509C648006C79,144.53,normal
2026-05-06 12:01:23.169985,0x300,05CB09AA49015279,14.83,normal
2026-05-06 12:01:23.197109,0x200,3C9C043363004A7A,155.17,normal
2026-05-06 12:01:23.231459,0x201,15A802CC0C003E7C,55.44,normal
2026-05-06 12:01:23.267553,0x102,35E50E7D2E006C7E,137.98,normal
2026-05-06 12:01:23.289016,0x201,054D05C43801647E,13.57,normal
2026-05-06 12:01:23.331004,0x201,0250037C25013E7F,5.92,normal
2026-05-06 12:01:23.340376,0x200,2C940BB74E00677F,114.12,normal
2026-05-06 12:01:23.374953,0x201,030F0F2517005B81,7.83,normal
2026-05-06 12:01:23.414278,0x100,1C25065444013D81,72.05,normal
2026-05-06 12:01:23.435332,0x300,221B063718006682,87.31,normal
2026-05-06 12:01:23.454253,0x300,0F2E0C6F3B004F83,38.86,normal
2026-05-06 12:01:23.470246,0x300,09870C0508014D84,24.39,normal
2026-05-06 12:01:23.503952,0x201,3E6C0B751D015086,159.8,normal
2026-05-06 12:01:23.514425,0x200,3E590E6E46015986,159.61,normal
2026-05-06 12:01:23.535119,0x300,193B07700D004E87,64.6,normal
2026-05-06 12:01:23.542806,0x101,00F706DC2D015B89,2.47,normal
2026-05-06 12:01:23.561538,0x102,34750FE44B01578B,134.29,normal
2026-05-06 12:01:23.577919,0x300,0BF00A652001698A,30.56,normal
2026-05-06 12:01:23.604101,0x201,24EC0B3541004A8C,94.52,normal
2026-05-06 12:01:23.618756,0x101,0880077A58004A8D,21.76,normal
2026-05-06 12:01:23.646216,0x201,30FD0B6A2C01538E,125.41,normal
2026-05-06 12:01:23.691004,0x200,32EA0BEA5B00638E,130.34,normal
2026-05-06 12:01:23.703411,0x200,065E089341006B8F,16.3,normal
2026-05-06 12:01:23.728920,0x102,01F50F8F60014192,5.02,normal
2026-05-06 12:01:23.735563,0x101,039510322D005592,9.17,normal
2026-05-06 12:01:23.753066,0x100,061A0B6C26013F92,15.62,normal
2026-05-06 12:01:23.785994,0x101,1085097027005094,42.29,normal
2026-05-06 12:01:23.791060,0x100,2F2F04F400005594,120.79,normal
2026-05-06 12:01:23.815640,0x101,17970A454E006696,60.39,normal
2026-05-06 12:01:23.831054,0x101,0D430F3B30015E97,33.95,normal
2026-05-06 12:01:23.845184,0x101,32E1095504005398,130.25,normal
2026-05-06 12:01:23.878647,0x100,029707180D006998,6.63,normal
2026-05-06 12:01:23.884017,0x100,01B604D50B015B99,4.38,normal
2026-05-06 12:01:23.898682,0x200,24E30C2255003C9A,94.43,normal
2026-05-06 12:01:23.937817,0x200,0A2C0EFE4E01669B,26.04,normal
2026-05-06 12:01:23.952988,0x300,17140FF83C016D9C,59.08,normal
2026-05-06 12:01:23.972449,0x201,13E60A3A50005A9E,50.94,normal
2026-05-06 12:01:23.986103,0x102,115F0DFD07013DA0,44.47,normal
2026-05-06 12:01:24.004963,0x100,090D0BBF49015F9F,23.17,normal
2026-05-06 12:01:24.039506,0x101,30AC04C13B0042A1,124.6,normal
2026-05-06 12:01:24.050255,0x200,0ACF0D9833006DA1,27.67,normal
2026-05-06 12:01:24.055415,0x100,364F0AA23B0042A2,139.03,normal
2026-05-06 12:01:24.096307,0x300,1B3A04FE3E0049A3,69.71,normal
2026-05-06 12:01:24.103328,0x200,126C076E430165A4,47.16,normal
2026-05-06 12:01:24.109054,0x200,0E740E51580148A5,37.0,normal
2026-05-06 12:01:24.138485,0x200,18C30D02440160A6,63.39,normal
2026-05-06 12:01:24.166163,0x201,3D7704C82A0155A8,157.35,normal
2026-05-06 12:01:24.171661,0x201,20840896290140A9,83.24,normal
2026-05-06 12:01:24.212248,0x102,255409240F006CAB,95.56,normal
2026-05-06 12:01:24.224385,0x100,2EFA102E5C0046AA,120.26,normal
2026-05-06 12:01:24.248177,0x201,36E60B90260055AC,140.54,normal
2026-05-06 12:01:24.282846,0x201,30EF0FB8390041AD,125.27,normal
2026-05-06 12:01:24.324005,0x300,2887099C0A0046AD,103.75,normal
2026-05-06 12:01:24.358749,0x100,358D103E26015FAE,137.09,normal
2026-05-06 12:01:24.399252,0x102,1174077E3D0159B1,44.68,normal
2026-05-06 12:01:24.420617,0x200,3A7609A02F0045B0,149.66,normal
2026-05-06 12:01:24.440706,0x102,072C074610005EB3,18.36,normal
2026-05-06 12:01:24.459285,0x301,0C5F0571090061B3,31.67,normal
2026-05-06 12:01:24.499526,0x101,0B0D1012120056B4,28.29,normal
2026-05-06 12:01:24.523263,0x101,027802DA30006BB5,6.32,normal
2026-05-06 12:01:24.554364,0x102,060E05EF19004AB7,15.5,normal
2026-05-06 12:01:24.589956,0x300,2DC9042C63016DB6,117.21,normal
2026-05-06 12:01:24.633076,0x100,07890F9A1E0057B7,19.29,normal
2026-05-06 12:01:24.641955,0x201,268C083C360144B9,98.68,normal
2026-05-06 12:01:24.657085,0x100,2E9707DC3B0160B9,119.27,normal
2026-05-06 12:01:24.673926,0x101,162404404C0062BB,56.68,normal
2026-05-06 12:01:24.687199,0x300,062105EB5A0141BB,15.69,normal
2026-05-06 12:01:24.702780,0x201,0B380BA1290052BD,28.72,normal
2026-05-06 12:01:24.717591,0x201,35350A9658014CBE,136.21,normal
2026-05-06 12:01:24.743825,0x101,0D6306C810006BBF,34.27,normal
2026-05-06 12:01:24.784344,0x201,205B0697310056C0,82.83,normal
2026-05-06 12:01:24.810807,0x102,073507A70C006BC2,18.45,normal
2026-05-06 12:01:24.835088,0x301,084E07D4370146C2,21.26,normal
2026-05-06 12:01:24.850216,0x100,068004E15C004CC2,16.65,normal
2026-05-06 12:01:24.879541,0x102,15E609F6350145C5,56.06,normal
2026-05-06 12:01:24.924085,0x201,2E5A07CE2F0143C5,118.66,normal
2026-05-06 12:01:24.965912,0x101,02BD0F79220063C6,7.01,normal
2026-05-06 12:01:24.995820,0x201,319A0E0B15006AC7,126.98,normal
2026-05-06 12:01:25.018340,0x200,00250A4A64004AC7,0.37,normal
2026-05-06 12:01:25.025822,0x102,070D08AB0F015BCA,18.06,normal
2026-05-06 12:01:25.046539,0x300,10350864490153C9,41.49,normal
2026-05-06 12:01:25.077937,0x200,1D8D0B205F014DCA,75.65,normal
2026-05-06 12:01:25.090027,0x200,34E00AB6040152CB,135.36,normal
2026-05-06 12:01:25.130726,0x201,3DFD08ED35015CCD,158.69,normal
2026-05-06 12:01:25.147825,0x300,129A0CC74A0050CD,47.62,normal
2026-05-06 12:01:25.175298,0x201,1FCF0CA55B0050CF,81.43,normal
2026-05-06 12:01:25.206181,0x101,165209152C0042D0,57.14,normal
2026-05-06 12:01:25.214850,0x200,28F80CC142003CD0,104.88,normal
2026-05-06 12:01:25.232912,0x100,2A8E0F95560148D1,108.94,normal
2026-05-06 12:01:25.264626,0x100,0F0C0D340E004AD2,38.52,normal
2026-05-06 12:01:25.296615,0x300,0A490FDE36015FD3,26.33,normal
2026-05-06 12:01:25.339732,0x200,0FF206F03F004CD4,40.82,normal
2026-05-06 12:01:25.383777,0x102,257C0A2D020150D7,95.96,normal
2026-05-06 12:01:25.423782,0x200,1BBF05255E0166D6,71.03,normal
2026-05-06 12:01:25.441670,0x200,1E9D08C93F014CD7,78.37,normal
2026-05-06 12:01:25.456438,0x300,2EEA070E55016CD8,120.1,normal
2026-05-06 12:01:25.491238,0x201,2FA9042C300152DA,122.01,normal
2026-05-06 12:01:25.505847,0x200,121506E81A0059DA,46.29,normal
2026-05-06 12:01:25.527246,0x101,2CA106B5560144DC,114.25,normal
2026-05-06 12:01:25.532547,0x101,2B9D0492540042DD,111.65,normal
2026-05-06 12:01:25.568520,0x100,155508E5640045DD,54.61,normal
2026-05-06 12:01:25.579679,0x102,21E30EBC5E006DE0,86.75,normal
2026-05-06 12:01:25.587464,0x100,2B3E06251B0068DF,110.7,normal
2026-05-06 12:01:25.619002,0x100,2D870A9A110051E0,116.55,normal
2026-05-06 12:01:25.646090,0x102,25860D9F41006DE3,96.06,normal
2026-05-06 12:01:25.691067,0x102,05350C1349006CE4,13.33,normal
2026-05-06 12:01:25.708800,0x102,173B059A05005DE5,59.47,normal
2026-05-06 12:01:25.727933,0x201,34010F1F520150E5,133.14,normal
2026-05-06 12:01:25.745795,0x201,32160505310068E6,128.22,normal
2026-05-06 12:01:25.756551,0x300,04E107300F0056E6,12.49,normal
2026-05-06 12:01:25.764252,0x100,000703EB2C0162E7,0.07,normal
2026-05-06 12:01:25.770646,0x200,33710769100043E8,131.7,normal
2026-05-06 12:01:25.810078,0x201,21AF08F3520040EA,86.23,normal
2026-05-06 12:01:25.830857,0x201,101707354B0055EB,41.19,normal
2026-05-06 12:01:25.865868,0x102,141F085C160146ED,51.51,normal
2026-05-06 12:01:25.900927,0x100,04B40758110044EC,12.04,normal
2026-05-06 12:01:25.938852,0x102,36290E670D015CEF,138.65,normal
2026-05-06 12:01:25.961801,0x102,2FDB0FC3620167F0,122.51,normal
2026-05-06 12:01:25.974493,0x101,23E10FAD1D0060F0,91.85,normal
2026-05-06 12:01:26.002150,0x200,33C907CE47003DF0,132.57,normal
2026-05-06 12:01:26.009128,0x200,1E630B331A0050F1,77.79,normal
2026-05-06 12:01:26.044444,0x201,231404E4260149F3,89.8,normal
2026-05-06 12:01:26.070321,0x101,1ED90B7944013FF4,78.97,normal
2026-05-06 12:01:26.075364,0x101,30EB0D4F410144F5,125.23,normal
2026-05-06 12:01:26.115974,0x102,1A090E395E003EF7,66.65,normal
2026-05-06 12:01:26.129582,0x200,0C3806DA440046F6,31.28,normal
2026-05-06 12:01:26.138548,0x101,171E09DD110042F8,59.18,normal
2026-05-06 12:01:26.177959,0x101,13BB061305014DF9,50.51,normal
2026-05-06 12:01:26.193551,0x200,0CD60DAF59006AF9,32.86,normal
2026-05-06 12:01:26.202545,0x100,064E09053E0042FA,16.15,normal
2026-05-06 12:01:26.241640,0x201,333C0C3135006DFC,131.17,normal
2026-05-06 12:01:26.248407,0x102,11B709235F0058FE,45.35,normal
2026-05-06 12:01:26.285655,0x100,35850731320154FD,137.01,normal
2026-05-06 12:01:26.329490,0x102,15BD0D993B004200,55.65,normal
2026-05-06 12:01:26.347333,0x100,05A60DA6570059FF,14.46,normal
2026-05-06 12:01:26.366680,0x102,17990DAE3F006A02,60.41,normal
2026-05-06 12:01:26.408991,0x102,120206702D015803,46.1,normal
2026-05-06 12:01:26.432464,0x200,22A607CA20014D02,88.7,normal
2026-05-06 12:01:26.452608,0x100,0915099449014F03,23.25,normal
2026-05-06 12:01:26.466189,0x200,2F390A0319016504,120.89,normal
2026-05-06 12:01:26.508290,0x200,29CF104D05016B05,107.03,normal
2026-05-06 12:01:26.528989,0x300,1D67101E00013D06,75.27,normal
2026-05-06 12:01:26.561206,0x200,01A907524B006607,4.25,normal
2026-05-06 12:01:26.586063,0x102,004D0A7F4F014C0A,0.77,normal
2026-05-06 12:01:26.626213,0x101,1EE703871B01440A,79.11,normal
2026-05-06 12:01:26.662209,0x102,1D57060661006C0C,75.11,normal
2026-05-06 12:01:26.701435,0x100,20800FE358014E0B,83.2,normal
2026-05-06 12:01:26.710479,0x201,1E1C061339016D0D,77.08,normal
2026-05-06 12:01:26.739768,0x102,143C047B2A00410F,51.8,normal
2026-05-06 12:01:26.776558,0x201,11C60C631E01670F,45.5,normal
2026-05-06 12:01:26.782517,0x102,195B08A945014411,64.91,normal
2026-05-06 12:01:26.814250,0x101,21D6049904015311,86.62,normal
2026-05-06 12:01:26.840140,0x101,07A30A9513004D12,19.55,normal
2026-05-06 12:01:26.849012,0x300,149105CE51006C12,52.65,normal
2026-05-06 12:01:26.857242,0x200,36770ED240005113,139.43,normal
2026-05-06 12:01:26.879485,0x100,1D3C07C864006B14,74.84,normal
2026-05-06 12:01:26.886101,0x201,12DC09DF5B003E16,48.28,normal
2026-05-06 12:01:26.928536,0x201,0758069906006517,18.8,normal
2026-05-06 12:01:26.939766,0x102,32130EA539014F19,128.2,normal
2026-05-06 12:01:26.962567,0x100,34FB06AE1F014518,135.63,normal
2026-05-06 12:01:26.979009,0x301,04CA0BF257005F1A,12.26,normal
2026-05-06 12:01:27.017209,0x301,2AC407AE5F01421B,109.48,normal
2026-05-06 12:01:27.054041,0x200,21F80FEE5A006C1B,86.96,normal
2026-05-06 12:01:27.087234,0x102,18F60E8627004E1E,63.9,normal
2026-05-06 12:01:27.107895,0x100,043C0A804E01521D,10.84,normal
2026-05-06 12:01:27.150122,0x200,0233070B0F01461E,5.63,normal
2026-05-06 12:01:27.194151,0x101,1C340BD05E016C20,72.21,normal
2026-05-06 12:01:27.208606,0x100,08660F7D06004520,21.5,normal
2026-05-06 12:01:27.236349,0x300,1B480BC23F014621,69.84,normal
2026-05-06 12:01:27.273372,0x200,36020B475F004D22,138.26,normal
2026-05-06 12:01:27.281995,0x101,17F20B395F014E24,61.3,normal
2026-05-06 12:01:27.317826,0x200,0B6D0B2920005C24,29.25,normal
2026-05-06 12:01:27.349740,0x102,0C810D3A48014427,32.01,normal
2026-05-06 12:01:27.392207,0x100,05DE0AC832015526,15.02,normal
2026-05-06 12:01:27.417535,0x102,3667041631015329,139.27,normal
2026-05-06 12:01:27.439405,0x100,206D060517015B28,83.01,normal
2026-05-06 12:01:27.446439,0x301,17D1097E5A00532A,60.97,normal
2026-05-06 12:01:27.453852,0x201,28830CF44E01512B,103.71,normal
2026-05-06 12:01:27.484369,0x300,200C06DB23005D2B,82.04,normal
2026-05-06 12:01:27.516244,0x301,12D60AEC2A01642D,48.22,normal
2026-05-06 12:01:27.541474,0x201,1CBB0A031501612E,73.55,normal
2026-05-06 12:01:27.551720,0x100,224804484B00682E,87.76,normal
2026-05-06 12:01:27.567624,0x100,34490DB40F00452F,133.85,normal
2026-05-06 12:01:27.584277,0x102,30480CAE4C005F32,123.6,normal
2026-05-06 12:01:27.596284,0x101,1A2A0DB30E004932,66.98,normal
2026-05-06 12:01:27.613617,0x100,1E170E1247003F32,77.03,normal
2026-05-06 12:01:27.637862,0x201,2EC0043952005234,119.68,normal
2026-05-06 12:01:27.675685,0x101,13BB053711005335,50.51,normal
2026-05-06 12:01:27.696367,0x101,291D051F1F004936,105.25,normal
2026-05-06 12:01:27.706603,0x102,10920E7F25014738,42.42,normal
2026-05-06 12:01:27.742129,0x300,19490B5340006737,64.73,normal
2026-05-06 12:01:27.787082,0x200,379C0E1D5B016338,142.36,normal
2026-05-06 12:01:27.810519,0x100,00DD0AAC30005439,2.21,normal
2026-05-06 12:01:27.831814,0x200,22830B845401413A,88.35,normal
2026-05-06 12:01:27.845821,0x201,34FD0D446401673C,135.65,normal
2026-05-06 12:01:27.886417,0x101,15F70CF91B015A3D,56.23,normal
2026-05-06 12:01:27.928969,0x101,1E760B231D00443E,77.98,normal
2026-05-06 12:01:27.941777,0x100,33EA0D332800653E,132.9,normal
2026-05-06 12:01:27.974030,0x100,099805D15201493F,24.56,normal
2026-05-06 12:01:28.015561,0x100,2510106552004740,94.88,normal
2026-05-06 12:01:28.031609,0x301,0D7002CE2B015142,34.4,normal
2026-05-06 12:01:28.046731,0x201,303E0AA526016543,123.5,normal
2026-05-06 12:01:28.060254,0x100,1F3B07B464013D43,79.96,normal
2026-05-06 12:01:28.073574,0x102,2C4B0D3A08004F46,113.39,normal
2026-05-06 12:01:28.108457,0x101,0A54051813015046,26.44,normal
2026-05-06 12:01:28.132633,0x300,209D0CD445006D46,83.49,normal
2026-05-06 12:01:28.154107,0x102,327F03B618016049,129.27,normal
2026-05-06 12:01:28.189290,0x100,199B048614004548,65.55,normal
2026-05-06 12:01:28.212843,0x101,2B8905A15B01644A,111.45,normal
2026-05-06 12:01:28.228484,0x101,0DED06800D006B4B,35.66,normal
2026-05-06 12:01:28.249566,0x101,2E4D0B6028003D4C,118.53,normal
2026-05-06 12:01:28.261044,0x200,30EE04EE1500694C,125.26,normal
2026-05-06 12:01:28.300084,0x201,0E3B09E20501674E,36.43,normal
2026-05-06 12:01:28.317316,0x200,2F7F0AF80C00634E,121.59,normal
2026-05-06 12:01:28.359856,0x201,1B93038258005650,70.6,normal
2026-05-06 12:01:28.394647,0x201,2ED60B391D004151,119.9,normal
2026-05-06 12:01:28.409181,0x102,1BA109A33A014F53,70.74,normal
2026-05-06 12:01:28.445656,0x300,0C870D524A005D52,32.07,normal
2026-05-06 12:01:28.471580,0x100,2B7D08F061006053,111.33,normal
2026-05-06 12:01:28.513294,0x301,11E1079840015355,45.77,normal
2026-05-06 12:01:28.557760,0x100,168D0B2658004A55,57.73,normal
2026-05-06 12:01:28.594271,0x102,3597094C59014B58,137.2,normal
2026-05-06 12:01:28.630079,0x101,212906C142016558,84.89,normal
2026-05-06 12:01:28.636057,0x101,26EF071C38015459,99.67,normal
2026-05-06 12:01:28.643265,0x101,2F4F0CFE03014F5A,121.11,normal
2026-05-06 12:01:28.686071,0x100,29000A191A01675A,104.96,normal
2026-05-06 12:01:28.720914,0x300,0AF70A383500625B,28.07,normal
2026-05-06 12:01:28.735742,0x101,017D076360005F5D,3.81,normal
2026-05-06 12:01:28.766165,0x201,213A04233000525E,85.06,normal
2026-05-06 12:01:28.796782,0x101,30910E2E51004D5F,124.33,normal
2026-05-06 12:01:28.824926,0x100,352D050D5B016A5F,136.13,normal
2026-05-06 12:01:28.843213,0x100,0B95048E09004260,29.65,normal
2026-05-06 12:01:28.851065,0x301,03C303250D016562,9.63,normal
2026-05-06 12:01:28.879275,0x201,276F085459005B63,100.95,normal
2026-05-06 12:01:28.905160,0x201,1BF60C5D22005364,71.58,normal
2026-05-06 12:01:28.916948,0x201,104B08800F014865,41.71,normal
2026-05-06 12:01:28.955631,0x101,25850B9056013F66,96.05,normal
2026-05-06 12:01:28.991232,0x101,0BD908EB45016967,30.33,normal
2026-05-06 12:01:29.008033,0x200,121D075F37005B67,46.37,normal
2026-05-06 12:01:29.037446,0x200,0871073646015D68,21.61,normal
2026-05-06 12:01:29.069750,0x100,1870037029004069,62.56,normal
2026-05-06 12:01:29.083645,0x102,28A10D461701656C,104.01,normal
2026-05-06 12:01:29.110476,0x201,1D890A1F32005A6C,75.61,normal
2026-05-06 12:01:29.152595,0x102,1CE90B833C01606E,74.01,normal
2026-05-06 12:01:29.160469,0x102,1A5609C55D00546F,67.42,normal
2026-05-06 12:01:29.184202,0x301,16E10AC91200466F,58.57,normal
2026-05-06 12:01:29.193010,0x100,179F07BE4D01606F,60.47,normal
2026-05-06 12:01:29.199296,0x200,09A5042D5F014470,24.69,normal
2026-05-06 12:01:29.229361,0x101,231606F229006172,89.82,normal
2026-05-06 12:01:29.243588,0x300,196704DF4C006672,65.03,normal
2026-05-06 12:01:29.288541,0x101,0FAF078419014974,40.16,normal
2026-05-06 12:01:29.316839,0x301,324A043A35005B75,128.74,normal
2026-05-06 12:01:29.356238,0x300,0A5A07EA35016575,26.5,normal
2026-05-06 12:01:29.373366,0x102,35E708DF63016978,137.99,normal
2026-05-06 12:01:29.410304,0x101,118C0B7137005878,44.92,normal
2026-05-06 12:01:29.435524,0x200,19850C034B014C78,65.33,normal
2026-05-06 12:01:29.453751,0x100,0A520A0355015279,26.42,normal
2026-05-06 12:01:29.467866,0x201,22A0052602014B7B,88.64,normal
2026-05-06 12:01:29.479946,0x200,11300C2106003E7B,44.0,normal
2026-05-06 12:01:29.508215,0x100,2E6B04230F015A7C,118.83,normal
2026-05-06 12:01:29.531003,0x102,03ED08E95101687F,10.05,normal
2026-05-06 12:01:29.536443,0x100,316F07573701437E,126.55,normal
2026-05-06 12:01:29.549555,0x200,2D4D056B3C016B7F,115.97,normal
2026-05-06 12:01:29.574318,0x101,1A190D4824014781,66.81,normal
2026-05-06 12:01:29.581156,0x101,26E807A401005182,99.6,normal
2026-05-06 12:01:29.611916,0x200,308A09DF51005F82,124.26,normal
2026-05-06 12:01:29.621028,0x102,21000C3C18003E85,84.48,normal
2026-05-06 12:01:29.634972,0x102,16A303DF11006586,57.95,normal
2026-05-06 12:01:29.676999,0x101,32D50A0401006A86,130.14,normal
2026-05-06 12:01:29.720077,0x100,29BA0C8361006986,106.82,normal
2026-05-06 12:01:29.763905,0x200,04E203A555005A87,12.5,normal
2026-05-06 12:01:29.793494,0x102,1F4609980F01608A,80.06,normal
2026-05-06 12:01:29.801495,0x201,351009E52F01558A,135.84,normal
2026-05-06 12:01:29.818984,0x301,253B030D2501448B,95.31,normal
2026-05-06 12:01:29.832767,0x102,338C09DB4A00468D,131.96,normal
2026-05-06 12:01:29.872149,0x101,2E940D7818015A8D,119.24,normal
2026-05-06 12:01:29.914216,0x101,25E50B8A6301438E,97.01,normal
2026-05-06 12:01:29.922752,0x200,153C06F90700538E,54.36,normal
2026-05-06 12:01:29.957903,0x101,1253031555015690,46.91,normal
2026-05-06 12:01:29.996612,0x102,341D062B41004192,133.42,normal
2026-05-06 12:01:30.037016,0x102,07BE066F0F005E93,19.83,normal
2026-05-06 12:01:30.043911,0x101,07A5059A2C015093,19.57,normal
2026-05-06 12:01:30.069786,0x101,01C10C1A3E004E94,4.49,normal
2026-05-06 12:01:30.100839,0x100,00C108EA19005294,1.93,normal
2026-05-06 12:01:30.121602,0x201,179D0E5035005996,60.45,normal
2026-05-06 12:01:30.127476,0x102,12DC0E692A014198,48.28,normal
2026-05-06 12:01:30.163788,0x300,012110213C006297,2.89,normal
2026-05-06 12:01:30.180181,0x201,2786066B5D016D99,101.18,normal
2026-05-06 12:01:30.186875,0x102,1DEA0A100E014C9B,76.58,normal
2026-05-06 12:01:30.231380,0x100,18BF042455014C9A,63.35,normal
2026-05-06 12:01:30.255572,0x301,181D02FD0D003E9C,61.73,normal
2026-05-06 12:01:30.298389,0x101,1B90035C0901519D,70.57,normal
2026-05-06 12:01:30.340593,0x102,351C100C1A01559F,135.96,normal
2026-05-06 12:01:30.379974,0x102,0F49086356014FA0,39.13,normal
2026-05-06 12:01:30.406203,0x301,09780C651E003DA0,24.24,normal
2026-05-06 12:01:30.426877,0x101,2530090E12015DA1,95.2,normal
2026-05-06 12:01:30.442416,0x101,131406E2480053A2,48.84,normal
2026-05-06 12:01:30.461868,0x300,1D0A065E150069A2,74.35,normal
2026-05-06 12:01:30.480574,0x100,1B0B0A4D0C0147A3,69.24,normal
2026-05-06 12:01:30.515458,0x100,2C210F205E005AA4,112.97,normal
2026-05-06 12:01:30.548873,0x201,3E0D096A220144A6,158.85,normal
2026-05-06 12:01:30.574639,0x102,09BB08E03D003CA8,24.91,normal
2026-05-06 12:01:30.616746,0x101,022A0FA60A0148A8,5.54,normal
2026-05-06 12:01:30.632702,0x100,0F47067713014EA8,39.11,normal
2026-05-06 12:01:30.653109,0x101,11EF073409013DAA,45.91,normal
2026-05-06 12:01:30.666194,0x201,3DED07895D0055AB,158.53,normal
2026-05-06 12:01:30.692467,0x101,2A5303AA4D0166AC,108.35,normal
2026-05-06 12:01:30.733287,0x102,29F00C7F51014BAE,107.36,normal
2026-05-06 12:01:30.775457,0x100,365F08D34D0040AD,139.2,normal
2026-05-06 12:01:30.806706,0x100,2A1F0CD750015AAE,107.83,normal
2026-05-06 12:01:30.845980,0x100,0F17101D29013EAF,38.63,normal
2026-05-06 12:01:30.868909,0x101,157A0E5C2A0067B1,54.98,normal
2026-05-06 12:01:30.884722,0x300,15A20D15210155B1,55.38,normal
2026-05-06 12:01:30.906432,0x101,1B7E03690F014DB3,70.38,normal
2026-05-06 12:01:30.934064,0x102,2D0F0FED19016CB5,115.35,normal
2026-05-06 12:01:30.970453,0x301,2A9005010E0156B5,108.96,normal
2026-05-06 12:01:30.982252,0x201,2483070F1A006AB6,93.47,normal
2026-05-06 12:01:30.991859,0x200,2D11064A050059B6,115.37,normal
2026-05-06 12:01:31.029495,0x100,1C0206C41A005DB7,71.71,normal
2026-05-06 12:01:31.039242,0x300,2D6F064512004CB8,116.31,normal
2026-05-06 12:01:31.067748,0x201,1BA9092C0F0141BA,70.82,normal
2026-05-06 12:01:31.112738,0x102,2FB7064030016ABC,122.15,normal
2026-05-06 12:01:31.121249,0x100,32D70BAF5F004BBB,130.15,normal
2026-05-06 12:01:31.140455,0x102,16C206F1130168BE,58.26,normal
2026-05-06 12:01:31.155588,0x201,04320AD003005CBE,10.74,normal
2026-05-06 12:01:31.174148,0x200,05E00DA85F0161BE,15.04,normal
2026-05-06 12:01:31.214199,0x100,11820F91250156BF,44.82,normal
2026-05-06 12:01:31.231074,0x100,142C0A2919014FC0,51.64,normal
2026-05-06 12:01:31.243952,0x101,2249073E27004DC2,87.77,normal
2026-05-06 12:01:31.270308,0x201,17AE06B23B006CC3,60.62,normal
2026-05-06 12:01:31.296187,0x300,284E078A050151C3,103.18,normal
2026-05-06 12:01:31.329120,0x301,174702FD090058C5,59.59,normal
2026-05-06 12:01:31.339183,0x201,1FBB03D7490167C6,81.23,normal
2026-05-06 12:01:31.369341,0x200,2F290ACF550167C6,120.73,normal
2026-05-06 12:01:31.375798,0x200,0D8404DD56015CC7,34.6,normal
2026-05-06 12:01:31.397607,0x100,128A0C5D470046C8,47.46,normal
2026-05-06 12:01:31.406350,0x300,26CF03DF14004AC9,99.35,normal
2026-05-06 12:01:31.450233,0x201,262805AB1F014ACB,97.68,normal
2026-05-06 12:01:31.456814,0x201,02B30F06000160CC,6.91,normal
2026-05-06 12:01:31.499769,0x201,1D790604310151CD,75.46,normal
2026-05-06 12:01:31.517755,0x102,179406BC3C0168CF,60.36,normal
2026-05-06 12:01:31.562555,0x100,150A02C612014DCE,53.86,normal
2026-05-06 12:01:31.579054,0x100,29C90E01320169CF,106.97,normal
2026-05-06 12:01:31.585358,0x100,160E0CEE080049D0,56.46,normal
2026-05-06 12:01:31.629799,0x101,0AD6048D390054D2,27.74,normal
2026-05-06 12:01:31.658016,0x101,2D3706EE0D0151D3,115.75,normal
2026-05-06 12:01:31.690607,0x300,12C40A5439013FD3,48.04,normal
2026-05-06 12:01:31.702420,0x100,27CE0FB31D0060D4,101.9,normal
2026-05-06 12:01:31.710075,0x300,2A6E03C308003DD5,108.62,normal
2026-05-06 12:01:31.717327,0x300,0BEB092A370151D6,30.51,normal
2026-05-06 12:01:31.754148,0x102,1B610EE4630043D9,70.09,normal
2026-05-06 12:01:31.792376,0x100,1A1F041359005DD8,66.87,normal
2026-05-06 12:01:31.824785,0x101,16E40392250056DA,58.6,normal
2026-05-06 12:01:31.848274,0x101,10B50D3419014EDB,42.77,normal
2026-05-06 12:01:31.859272,0x300,1E940A960D005EDB,78.28,normal
2026-05-06 12:01:31.898178,0x101,083C0A8900003EDD,21.08,normal
2026-05-06 12:01:31.933668,0x301,024707524B003FDE,5.83,normal
2026-05-06 12:01:31.962354,0x201,16730A68010059DF,57.47,normal
2026-05-06 12:01:32.007003,0x101,0A5D099F0C0057E0,26.53,normal
2026-05-06 12:01:32.035861,0x201,2F1109215A0064E1,120.49,normal
2026-05-06 12:01:32.050752,0x200,12970EAA21016AE1,47.59,normal
2026-05-06 12:01:32.083028,0x301,152C056D360154E3,54.2,normal
2026-05-06 12:01:32.092319,0x101,1CDB049B06016AE4,73.87,normal
2026-05-06 12:01:32.102273,0x100,29DA0E30090069E4,107.14,normal
2026-05-06 12:01:32.136301,0x100,25D60E4C3F0061E5,96.86,normal
2026-05-06 12:01:32.174429,0x201,24A3092320015EE7,93.79,normal
2026-05-06 12:01:32.217708,0x200,298608602C0161E7,106.3,normal
2026-05-06 12:01:32.262614,0x100,0B120C2E360054E8,28.34,normal
2026-05-06 12:01:32.290477,0x100,161C0E5C3A0159E9,56.6,normal
2026-05-06 12:01:32.321771,0x201,281906A34F015BEB,102.65,normal
2026-05-06 12:01:32.348271,0x200,0653042A1B0156EB,16.19,normal
2026-05-06 12:01:32.388190,0x200,05A7082F3B0047EC,14.47,normal
2026-05-06 12:01:32.422551,0x201,25170FDE3B004CEE,94.95,normal
2026-05-06 12:01:32.445401,0x300,24BB07CA34004EEE,94.03,normal
2026-05-06 12:01:32.452416,0x100,0A8E04EE25016BEF,27.02,normal
2026-05-06 12:01:32.477622,0x101,05C905D2220064F1,14.81,normal
2026-05-06 12:01:32.497956,0x201,322B0A930B015AF2,128.43,normal
2026-05-06 12:01:32.541320,0x102,02C90FF25D0168F4,7.13,normal
2026-05-06 12:01:32.567206,0x200,0D3C0CF1520154F3,33.88,normal
2026-05-06 12:01:32.573561,0x200,3B680988530149F4,152.08,normal
2026-05-06 12:01:32.580694,0x300,2F96038035015CF5,121.82,normal
2026-05-06 12:01:32.604198,0x102,06880635090147F8,16.72,normal
2026-05-06 12:01:32.642663,0x100,0C660F3D370146F7,31.74,normal
2026-05-06 12:01:32.654192,0x200,17010D483F0069F8,58.89,normal
2026-05-06 12:01:32.665231,0x300,2DD40FAF53005BF9,117.32,normal
2026-05-06 12:01:32.695037,0x200,2B2809EF01006BFA,110.48,normal
2026-05-06 12:01:32.723461,0x201,1795073E010155FC,60.37,normal
2026-05-06 12:01:32.748749,0x102,12940E16190056FE,47.56,normal
2026-05-06 12:01:32.768760,0x301,08C80B2620014AFE,22.48,normal
2026-05-06 12:01:32.795492,0x102,23340D1A5F004A00,90.12,normal
2026-05-06 12:01:32.828203,0x100,0E5806392E013DFF,36.73,normal
2026-05-06 12:01:32.857910,0x200,2EAC062034015A00,119.48,normal
2026-05-06 12:01:32.878753,0x100,0577090142006D01,13.99,normal
2026-05-06 12:01:32.884385,0x200,2EF0093C53005702,120.16,normal
2026-05-06 12:01:32.914181,0x200,35AF0F6F0C006A03,137.43,normal
2026-05-06 12:01:32.920222,0x201,04CC0C9B13003C05,12.28,normal
2026-05-06 12:01:32.943032,0x101,091405782D005006,23.24,normal
2026-05-06 12:01:32.978739,0x300,21230E880C014A06,84.83,normal
2026-05-06 12:01:33.020272,0x100,16400F8A5F016B07,56.96,normal
2026-05-06 12:01:33.041720,0x200,1C8C0C614C003D08,73.08,normal
2026-05-06 12:01:33.052486,0x200,0E890D7D43004D09,37.21,normal
2026-05-06 12:01:33.092952,0x201,1ECC06FE4E00490B,78.85,normal
2026-05-06 12:01:33.117722,0x100,2F140A5D5301690B,120.52,normal
2026-05-06 12:01:33.157821,0x301,0B980AB85E01580D,29.68,normal
2026-05-06 12:01:33.179721,0x200,156A038D1D01480D,54.82,normal
2026-05-06 12:01:33.188018,0x102,308D0A2A3F015610,124.29,normal
2026-05-06 12:01:33.210162,0x102,0B72062453004511,29.3,normal
2026-05-06 12:01:33.243827,0x201,23EE06A757004A11,91.98,normal
2026-05-06 12:01:33.284092,0x201,31EC02CD43006612,127.8,normal
2026-05-06 12:01:33.328815,0x102,2C83081D4B005214,113.95,normal
2026-05-06 12:01:33.370893,0x102,1EED0A140A014715,79.17,normal
2026-05-06 12:01:33.409521,0x102,158D0A7718005416,55.17,normal
2026-05-06 12:01:33.446754,0x300,038F0CD63A005315,9.11,normal
2026-05-06 12:01:33.476325,0x102,15CD098A2F005918,55.81,normal
2026-05-06 12:01:33.501365,0x102,2CBA0C3B4B004D19,114.5,normal
2026-05-06 12:01:33.538388,0x300,07CB03EA3A014A18,19.95,normal
2026-05-06 12:01:33.572955,0x101,24B805111900551A,94.0,normal
2026-05-06 12:01:33.615900,0x102,2FE405F36300671C,122.6,normal
2026-05-06 12:01:33.627535,0x201,02020FA32701671C,5.14,normal
2026-05-06 12:01:33.660085,0x102,15360CB852015F1E,54.3,normal
2026-05-06 12:01:33.683821,0x300,0BAD078D11015C1D,29.89,normal
2026-05-06 12:01:33.727701,0x101,0DA70E0B0E00671F,34.95,normal
2026-05-06 12:01:33.741757,0x102,3630084201005721,138.72,normal
2026-05-06 12:01:33.767249,0x201,16350BDC29004421,56.85,normal
2026-05-06 12:01:33.801881,0x201,088B04EA27016822,21.87,normal
2026-05-06 12:01:33.806989,0x101,1E5A033221014923,77.71,normal
2026-05-06 12:01:33.830391,0x100,1CF7063F47005823,74.15,normal
2026-05-06 12:01:33.839115,0x201,0AF005A54D014E25,28.0,normal
2026-05-06 12:01:33.875426,0x101,0A350D4532013D26,26.13,normal
2026-05-06 12:01:33.889438,0x201,3455043708016827,133.98,normal
2026-05-06 12:01:33.926338,0x300,237809EB44015627,90.8,normal
2026-05-06 12:01:33.957450,0x300,051B0AC41F003F28,13.07,normal
2026-05-06 12:01:34.000242,0x102,24EF037E54016D2B,94.55,normal
2026-05-06 12:01:34.011713,0x201,377704D70400612B,141.99,normal
2026-05-06 12:01:34.030902,0x200,2021041F1A01422B,82.25,normal
2026-05-06 12:01:34.040580,0x100,22E105BF2300462C,89.29,normal
2026-05-06 12:01:34.073256,0x200,21B30AA45E004F2D,86.27,normal
2026-05-06 12:01:34.111690,0x100,287605CB6301662E,103.58,normal
2026-05-06 12:01:34.139877,0x200,16150A084401622F,56.53,normal
2026-05-06 12:01:34.184806,0x102,035A08E73C014132,8.58,normal
2026-05-06 12:01:34.199597,0x101,27FA0DA212014432,102.34,normal
2026-05-06 12:01:34.206395,0x300,2338087404003D32,90.16,normal
2026-05-06 12:01:34.233742,0x101,20A206372B006A34,83.54,normal
2026-05-06 12:01:34.250254,0x200,03610EBE60016D34,8.65,normal
2026-05-06 12:01:34.284817,0x102,0C080E1752016037,30.8,normal
2026-05-06 12:01:34.298696,0x102,194F057F53015E38,64.79,normal
2026-05-06 12:01:34.329422,0x200,10E809E125013E37,43.28,normal
2026-05-06 12:01:34.365900,0x102,17F70D1B1801463A,61.35,normal
2026-05-06 12:01:34.394413,0x101,038303C34D014E3A,8.99,normal
2026-05-06 12:01:34.414622,0x102,2C93085C2001613C,114.11,normal
2026-05-06 12:01:34.457204,0x200,1AFA05774B00523B,69.07,normal
2026-05-06 12:01:34.478781,0x102,116009E40A00503E,44.48,normal
2026-05-06 12:01:34.488735,0x102,1E7506D55E003D3F,77.97,normal
2026-05-06 12:01:34.518594,0x102,011C08A819014140,2.84,normal
2026-05-06 12:01:34.532266,0x101,15F2074035013C40,56.18,normal
2026-05-06 12:01:34.543740,0x100,1E0F06F521005740,76.95,normal
2026-05-06 12:01:34.557613,0x100,337B082C0A014241,131.79,normal
2026-05-06 12:01:34.568475,0x301,1F5E0B8F3D016D43,80.3,normal
2026-05-06 12:01:34.577013,0x301,0A5C0E9B3E015144,26.52,normal
2026-05-06 12:01:34.597371,0x300,0793089464004E44,19.4,normal
2026-05-06 12:01:34.628322,0x301,02ED084E5D005846,7.49,normal
2026-05-06 12:01:34.661498,0x100,1D2B04D144005246,74.67,normal
2026-05-06 12:01:34.672697,0x101,2EB90EBA03005F48,119.61,normal
2026-05-06 12:01:34.717673,0x100,08CF046244013E48,22.55,normal
2026-05-06 12:01:34.746264,0x200,24C2093A24005E49,94.1,normal
2026-05-06 12:01:34.775036,0x101,1ECC0C8D59015D4B,78.84,normal
2026-05-06 12:01:34.798908,0x101,04B20F3B18013C4C,12.02,normal
2026-05-06 12:01:34.843373,0x101,2C90104511014A4D,114.08,normal
2026-05-06 12:01:34.865104,0x101,2BA903056001674E,111.77,normal
2026-05-06 12:01:34.876247,0x201,093F09235C01554F,23.67,normal
2026-05-06 12:01:34.894702,0x100,00A5072D1901694F,1.65,normal
2026-05-06 12:01:34.931593,0x301,051E0CE53B004851,13.1,normal
2026-05-06 12:01:34.958310,0x101,0F8104E839014552,39.69,normal
2026-05-06 12:01:34.982076,0x200,0803064E5D015552,20.51,normal
2026-05-06 12:01:35.019857,0x200,2C6005B648016753,113.6,normal
2026-05-06 12:01:35.049401,0x101,05710C8D3D003F55,13.93,normal
2026-05-06 12:01:35.064053,0x100,1E040F7810005A55,76.84,normal
2026-05-06 12:01:35.100687,0x201,13590F3A37015857,49.53,normal
2026-05-06 12:01:35.124603,0x200,0D210E6A62014057,33.61,normal
2026-05-06 12:01:35.162772,0x200,0F4E06924B004058,39.18,normal
2026-05-06 12:01:35.198748,0x200,06EC074508016159,17.72,normal
2026-05-06 12:01:35.215466,0x300,26B308DE4601495A,99.07,normal
2026-05-06 12:01:35.248824,0x300,04A60AB12000475B,11.9,normal
2026-05-06 12:01:35.269554,0x201,1DA4044639004B5D,75.88,normal
2026-05-06 12:01:35.280205,0x101,2F0402CB3C014E5E,120.36,normal
2026-05-06 12:01:35.316801,0x100,0DE207F717006D5E,35.54,normal
2026-05-06 12:01:35.350045,0x200,005006DB12015B5F,0.8,normal
2026-05-06 12:01:35.370234,0x300,26D508D12D006160,99.41,normal
2026-05-06 12:01:35.414250,0x102,23230C0A5C014863,89.95,normal
2026-05-06 12:01:35.454713,0x100,237603154F015A62,90.78,normal
2026-05-06 12:01:35.479534,0x200,097B0E4515014963,24.27,normal
2026-05-06 12:01:35.508445,0x102,0D5E04FC59004E66,34.23,normal
2026-05-06 12:01:35.531286,0x102,09F304B049005267,25.47,normal
2026-05-06 12:01:35.536937,0x301,296D0A1B49006767,106.05,normal
2026-05-06 12:01:35.578209,0x101,216903EE3D014968,85.53,normal
2026-05-06 12:01:35.592087,0x100,240E06DE4E016268,92.3,normal
2026-05-06 12:01:35.609738,0x101,18CF0CED3701696A,63.51,normal
2026-05-06 12:01:35.649731,0x300,2B2D08116100536A,110.53,normal
2026-05-06 12:01:35.656630,0x100,15580B321A00446B,54.64,normal
2026-05-06 12:01:35.699758,0x100,34770C634C005C6C,134.31,normal
2026-05-06 12:01:35.731799,0x101,235A08BC12006A6E,90.5,normal
2026-05-06 12:01:35.748871,0x101,26E40ADF4200526F,99.56,normal
2026-05-06 12:01:35.779168,0x100,24D30DD31B01496F,94.27,normal
2026-05-06 12:01:35.790656,0x101,121E0D8B2D004571,46.38,normal
2026-05-06 12:01:35.803376,0x200,080E0B4545016B71,20.62,normal
2026-05-06 12:01:35.825448,0x300,04FE0C3204006072,12.78,normal
2026-05-06 12:01:35.860889,0x201,038D03B54E004E74,9.09,normal
2026-05-06 12:01:35.878022,0x100,367803B206006574,139.44,normal
2026-05-06 12:01:35.908602,0x201,2C7B04C156004576,113.87,normal
2026-05-06 12:01:35.913635,0x200,161E0DC50C004576,56.62,normal
2026-05-06 12:01:35.931905,0x100,031D0D6F5C004B77,7.97,normal
2026-05-06 12:01:35.976194,0x301,073D037B48005A79,18.53,normal
2026-05-06 12:01:36.008820,0x100,0A500A2007015A79,26.4,normal
2026-05-06 12:01:36.053284,0x200,2C6C0A6163005D7A,113.72,normal
2026-05-06 12:01:36.059891,0x300,12850C460000557B,47.41,normal
2026-05-06 12:01:36.102371,0x101,1AE10E0711003E7D,68.81,normal
2026-05-06 12:01:36.110593,0x201,360104B40E014A7E,138.25,normal
2026-05-06 12:01:36.123394,0x100,1E44096246005C7E,77.48,normal
2026-05-06 12:01:36.143917,0x200,05E20A750F016A7F,15.06,normal
2026-05-06 12:01:36.179377,0x300,2E8D0CDF41016A80,119.17,normal
2026-05-06 12:01:36.201045,0x100,036C05A00B014081,8.76,normal
2026-05-06 12:01:36.220113,0x201,316A10113B014383,126.5,normal
2026-05-06 12:01:36.255029,0x101,00B60DEA1C004C84,1.82,normal
2026-05-06 12:01:36.270999,0x201,2F7F06AE46004285,121.59,normal
2026-05-06 12:01:36.308312,0x200,0C2D06C541005485,31.17,normal
2026-05-06 12:01:36.330886,0x100,1C5807BE0A014486,72.56,normal
2026-05-06 12:01:36.341188,0x301,0E77060D23014C88,37.03,normal
2026-05-06 12:01:36.382118,0x200,39730D7D1E004188,147.07,normal
2026-05-06 12:01:36.409367,0x101,2BDB0B1B5800538A,112.27,normal
2026-05-06 12:01:36.453221,0x200,10EF0FB331013D8A,43.35,normal
2026-05-06 12:01:36.490381,0x100,10E2067A39003E8B,43.22,normal
2026-05-06 12:01:36.498554,0x200,047C02EE30014C8C,11.48,normal
2026-05-06 12:01:36.512677,0x100,29C007726000438D,106.88,normal
2026-05-06 12:01:36.556065,0x200,281B0C2B47015F8E,102.67,normal
2026-05-06 12:01:36.593857,0x102,1D2B04AD20014191,74.67,normal
2026-05-06 12:01:36.625443,0x100,0F13042209004590,38.59,normal
2026-05-06 12:01:36.655992,0x200,1A51034109005191,67.37,normal
2026-05-06 12:01:36.675102,0x201,24300A3131005493,92.64,normal
2026-05-06 12:01:36.718753,0x201,1F100E8430003D94,79.52,normal
2026-05-06 12:01:36.761454,0x101,0DFF0EA264005F95,35.83,normal
2026-05-06 12:01:36.768348,0x100,0165092D3C003F95,3.57,normal
2026-05-06 12:01:36.810684,0x300,1BBA0D7A3E004A96,70.99,normal
2026-05-06 12:01:36.818243,0x201,065D040F08014B98,16.29,normal
2026-05-06 12:01:36.823741,0x102,26B404AC50015A9A,99.08,normal
2026-05-06 12:01:36.862616,0x102,2E6B0EDD3301479B,118.83,normal
2026-05-06 12:01:36.905382,0x101,016F03D318004E9B,3.67,normal
2026-05-06 12:01:36.924436,0x102,304C0DC31D01569D,123.64,normal
2026-05-06 12:01:36.943042,0x201,09DA055B0A01559D,25.22,normal
2026-05-06 12:01:36.974917,0x201,24DA0ECC4E004F9E,94.34,normal
2026-05-06 12:01:36.981232,0x100,021E030D2100549E,5.42,normal
2026-05-06 12:01:37.000485,0x200,1E0A0A7244005D9F,76.9,normal
2026-05-06 12:01:37.018207,0x101,20000E8B3C004BA1,81.92,normal
2026-05-06 12:01:37.036420,0x200,2877082D0D0052A1,103.59,normal
2026-05-06 12:01:37.077128,0x100,2EC402E6100055A2,119.72,normal
2026-05-06 12:01:37.099102,0x100,321009ED2D006BA3,128.16,normal
2026-05-06 12:01:37.115571,0x300,2ED70BD4380146A4,119.91,normal
2026-05-06 12:01:37.147981,0x200,3B0809E02C0049A5,151.12,normal
2026-05-06 12:01:37.158513,0x200,3CE20B9D020061A6,155.86,normal
2026-05-06 12:01:37.200590,0x100,060603C745005CA7,15.42,normal
2026-05-06 12:01:37.208343,0x201,20B7098A5B0067A9,83.75,normal
2026-05-06 12:01:37.245843,0x102,0DC40EB4330141AB,35.24,normal
2026-05-06 12:01:37.277197,0x100,1BF40A1805004AAA,71.56,normal
2026-05-06 12:01:37.291481,0x200,312D0C85050066AB,125.89,normal
2026-05-06 12:01:37.330911,0x101,240A043C280043AD,92.26,normal
2026-05-06 12:01:37.357058,0x100,300B0C315D0065AD,122.99,normal
2026-05-06 12:01:37.384559,0x200,3D8A08DC19013FAE,157.54,normal
2026-05-06 12:01:37.412036,0x101,11A108C1000159B0,45.13,normal
2026-05-06 12:01:37.427598,0x100,02360ECA240067B0,5.66,normal
2026-05-06 12:01:37.446065,0x200,2F490654210165B1,121.05,normal
2026-05-06 12:01:37.478740,0x200,0010032503006DB2,0.16,normal
2026-05-06 12:01:37.515031,0x300,2DD20327020063B3,117.3,normal
2026-05-06 12:01:37.538077,0x201,006B08041D0161B5,1.07,normal
2026-05-06 12:01:37.574798,0x200,12D409571F016CB5,48.2,normal
2026-05-06 12:01:37.597366,0x102,1E350922290057B8,77.33,normal
2026-05-06 12:01:37.619660,0x201,38D005195E0058B8,145.45,normal
2026-05-06 12:01:37.642346,0x201,34650F1738015EB9,134.13,normal
2026-05-06 12:01:37.677335,0x200,2EA20D8C150154B9,119.38,normal
2026-05-06 12:01:37.705866,0x100,2ECF09F83D0042BA,119.83,normal
2026-05-06 12:01:37.743520,0x201,2F650762270066BC,121.33,normal
2026-05-06 12:01:37.765081,0x200,000A0B1641015FBC,0.1,normal
2026-05-06 12:01:37.792765,0x102,2C4B0B17440049BF,113.39,normal
2026-05-06 12:01:37.836128,0x201,3DBF0614620069BF,158.07,normal
2026-05-06 12:01:37.871343,0x200,0AC303B1360162BF,27.55,normal
2026-05-06 12:01:37.897177,0x300,05920AE1260155C0,14.26,normal
2026-05-06 12:01:37.919470,0x100,086507E8540154C1,21.49,normal
2026-05-06 12:01:37.926419,0x100,19E502C810015FC2,66.29,normal
2026-05-06 12:01:37.963232,0x101,20620DD60F004BC4,82.9,normal
2026-05-06 12:01:38.003784,0x200,375E08D716004CC4,141.74,normal
2026-05-06 12:01:38.027622,0x102,368E04F00B0066C7,139.67,normal
2026-05-06 12:01:38.067170,0x200,158104C134004AC6,55.05,normal
2026-05-06 12:01:38.104134,0x102,32A209BA3E0055C9,129.62,normal
2026-05-06 12:01:38.137577,0x102,31770EE012006CCA,126.63,normal
2026-05-06 12:01:38.175064,0x300,18860A7754004BC9,62.78,normal
2026-05-06 12:01:38.210542,0x100,10CB0EE32D004CCA,42.99,normal
2026-05-06 12:01:38.231023,0x201,100B0CB14B003FCC,41.07,normal
2026-05-06 12:01:38.266652,0x201,191B0ACB480069CD,64.27,normal
2026-05-06 12:01:38.303681,0x102,1A7B0CEE4E004ACF,67.79,normal
2026-05-06 12:01:38.340836,0x101,2C14092708003ECF,112.84,normal
2026-05-06 12:01:38.385743,0x300,2CD506FC600051CF,114.77,normal
2026-05-06 12:01:38.402217,0x100,1B69103916006AD0,70.17,normal
2026-05-06 12:01:38.407377,0x100,0D7B0B1B140047D1,34.51,normal
2026-05-06 12:01:38.438619,0x101,21A202F159015AD3,86.1,normal
2026-05-06 12:01:38.471400,0x101,08BC0E3C20006CD4,22.36,normal
2026-05-06 12:01:38.501272,0x101,18A904C154005DD5,63.13,normal
2026-05-06 12:01:38.528699,0x300,22260F3D400045D5,87.42,normal
2026-05-06 12:01:38.537954,0x301,1E680D4F290059D7,77.85,normal
2026-05-06 12:01:38.545427,0x201,0D890654510156D8,34.66,normal
2026-05-06 12:01:38.561489,0x100,2C9E0BBB11003ED8,114.22,normal
2026-05-06 12:01:38.596725,0x101,154B0675180066DA,54.51,normal
2026-05-06 12:01:38.613618,0x101,10E90A1E14014BDB,43.29,normal
2026-05-06 12:01:38.621935,0x100,16CF0BF458013EDB,58.39,normal
2026-05-06 12:01:38.635442,0x300,2D320619440048DC,115.7,normal
2026-05-06 12:01:38.657235,0x101,07080FFD260058DE,18.0,normal
2026-05-06 12:01:38.676632,0x200,1284033D220163DE,47.4,normal
2026-05-06 12:01:38.716765,0x101,1F4106CE1C013EE0,80.01,normal
2026-05-06 12:01:38.751279,0x100,17480CAE310045E0,59.6,normal
2026-05-06 12:01:38.760061,0x101,34140B043E004FE2,133.32,normal
2026-05-06 12:01:38.766617,0x200,05C40D81360061E2,14.76,normal
2026-05-06 12:01:38.788561,0x101,02970958020051E4,6.63,normal
2026-05-06 12:01:38.828895,0x101,1F65103A45013FE5,80.37,normal
2026-05-06 12:01:38.840019,0x101,24A50DE12C0160E6,93.81,normal
2026-05-06 12:01:38.879723,0x201,3E040AA34C0166E7,158.76,normal
2026-05-06 12:01:38.918017,0x201,321D0DCF5E0153E8,128.29,normal
2026-05-06 12:01:38.948549,0x102,2E8B04C42B0164EA,119.15,normal
2026-05-06 12:01:38.985523,0x301,0CA40A70470061EA,32.36,normal
2026-05-06 12:01:39.027974,0x300,1D200BC23A0144EA,74.56,normal
2026-05-06 12:01:39.071973,0x101,27A20FD8500152EC,101.46,normal
2026-05-06 12:01:39.085420,0x100,2ED70DBC330040EC,119.91,normal
2026-05-06 12:01:39.119101,0x101,2FEE0D2A1F0146EE,122.7,normal
2026-05-06 12:01:39.127495,0x102,18A604E54B0153F0,63.1,normal
2026-05-06 12:01:39.146248,0x101,0F3602E85D0044F0,38.94,normal
2026-05-06 12:01:39.190775,0x101,04D5070519013EF1,12.37,normal
2026-05-06 12:01:39.227376,0x102,126E05C642005BF3,47.18,normal
2026-05-06 12:01:39.269971,0x301,22910BC7520063F3,88.49,normal
2026-05-06 12:01:39.294623,0x201,04E40DCB4C006CF4,12.52,normal
2026-05-06 12:01:39.303022,0x201,3A500874160056F5,149.28,normal
2026-05-06 12:01:39.345137,0x301,067E0F6623015EF6,16.62,normal
2026-05-06 12:01:39.358999,0x101,01460E080F0058F7,3.26,normal
2026-05-06 12:01:39.390123,0x200,30A60B8C290049F7,124.54,normal
2026-05-06 12:01:39.395746,0x101,111509A811003DF9,43.73,normal
2026-05-06 12:01:39.407044,0x200,27590B2A5E0063F9,100.73,normal
2026-05-06 12:01:39.434754,0x100,1ED905C3060151FA,78.97,normal
2026-05-06 12:01:39.455364,0x102,0F4E04B8450166FD,39.18,normal
2026-05-06 12:01:39.491105,0x200,21A60A5B030160FC,86.14,normal
2026-05-06 12:01:39.517904,0x101,11EE0DB75E015BFE,45.9,normal
2026-05-06 12:01:39.541941,0x200,19DC0A782F004AFE,66.2,normal
2026-05-06 12:01:39.564535,0x200,027F0D2250004AFF,6.39,normal
2026-05-06 12:01:39.596837,0x200,28CA03B33D006B00,104.42,normal
2026-05-06 12:01:39.622171,0x201,2C1709C817004A02,112.87,normal
2026-05-06 12:01:39.644132,0x101,140E0E4D27005A03,51.34,normal
2026-05-06 12:01:39.657927,0x201,1B590BEC47004004,70.01,normal
2026-05-06 12:01:39.681726,0x100,24F702D822006B04,94.63,normal
2026-05-06 12:01:39.699691,0x200,101604FE3E015305,41.18,normal
2026-05-06 12:01:39.719516,0x101,06190DE60C016D07,15.61,normal
2026-05-06 12:01:39.741009,0x100,341D04B202015007,133.41,normal
2026-05-06 12:01:39.774708,0x300,24340EC02E006C08,92.68,normal
2026-05-06 12:01:39.781280,0x301,2B220E165D00480A,110.42,normal
2026-05-06 12:01:39.791979,0x200,203E0C7834016A0A,82.54,normal
2026-05-06 12:01:39.821782,0x101,15E10EA60D01450C,56.01,normal
2026-05-06 12:01:39.832516,0x201,2C0E05F335004E0D,112.78,normal
2026-05-06 12:01:39.864256,0x201,371409F23701640E,141.0,normal
2026-05-06 12:01:39.889708,0x102,2F54069C27014F10,121.16,normal
2026-05-06 12:01:39.906904,0x102,1DCC080642015111,76.28,normal
2026-05-06 12:01:39.920618,0x300,119206735D004610,44.98,normal
2026-05-06 12:01:39.948020,0x102,2D5104160E006913,116.01,normal
2026-05-06 12:01:39.974277,0x200,1FE30C5903015412,81.63,normal
2026-05-06 12:01:39.989819,0x101,237F084332014014,90.87,normal
2026-05-06 12:01:39.997741,0x100,0A70072A3D014414,26.72,normal
2026-05-06 12:01:40.038010,0x101,04FC0E9658014A16,12.76,normal
2026-05-06 12:01:40.060027,0x301,2FF50D0048003F17,122.77,normal
2026-05-06 12:01:40.088760,0x301,30160BDC0A004F18,123.1,normal
2026-05-06 12:01:40.106382,0x100,25FF10461B014D18,97.27,normal
2026-05-06 12:01:40.114996,0x102,08A605502B00431B,22.14,normal
2026-05-06 12:01:40.158150,0x100,1C8A0C8813013F1A,73.06,normal
2026-05-06 12:01:40.171242,0x100,07A00C2031015C1B,19.52,normal
2026-05-06 12:01:40.179736,0x102,1FC9059A17004E1E,81.37,normal
2026-05-06 12:01:40.187609,0x101,1986039964006D1E,65.35,normal
2026-05-06 12:01:40.231794,0x102,046A0E3820004720,11.3,normal
2026-05-06 12:01:40.237359,0x100,18C90C8D2200451F,63.45,normal
2026-05-06 12:01:40.271003,0x101,2E96086118005621,119.26,normal
2026-05-06 12:01:40.283369,0x102,0857085110005A23,21.35,normal
2026-05-06 12:01:40.298920,0x100,32D80A4104005822,130.17,normal
2026-05-06 12:01:40.325851,0x101,18C30FE808006024,63.39,normal
2026-05-06 12:01:40.339719,0x100,113808895B016324,44.08,normal
2026-05-06 12:01:40.382595,0x200,296F0AF630016925,106.07,normal
2026-05-06 12:01:40.408030,0x101,2305059F37014227,89.65,normal
2026-05-06 12:01:40.428739,0x101,2E500A0326006528,118.56,normal
2026-05-06 12:01:40.451434,0x201,08750BED5D015429,21.65,normal
2026-05-06 12:01:40.466826,0x101,0E7F075125005F2A,37.11,normal
2026-05-06 12:01:40.509810,0x200,223309722D01652A,87.55,normal
2026-05-06 12:01:40.548797,0x101,3423045B2700642C,133.48,normal
2026-05-06 12:01:40.592469,0x201,0A1908DF3B00412D,25.85,normal
2026-05-06 12:01:40.629035,0x101,26050DE55B01452E,97.33,normal
2026-05-06 12:01:40.649749,0x200,1A3B106611003D2E,67.15,normal
2026-05-06 12:01:40.671013,0x200,23E003880F01522F,91.84,normal
2026-05-06 12:01:40.690792,0x101,27E204311F005731,102.1,normal
2026-05-06 12:01:40.732721,0x102,21BE04D307014433,86.38,normal
2026-05-06 12:01:40.741759,0x201,343F08B412004633,133.75,normal
2026-05-06 12:01:40.759687,0x200,26DD074D45016933,99.49,normal
2026-05-06 12:01:40.776489,0x200,22FC092C1E006934,89.56,normal
2026-05-06 12:01:40.785308,0x201,2D7E0ACB5C005536,116.46,normal
2026-05-06 12:01:40.803173,0x201,302D0B1232006237,123.33,normal
2026-05-06 12:01:40.818888,0x200,36130FE520015437,138.43,normal
2026-05-06 12:01:40.861930,0x201,3771084426006D39,141.93,normal
2026-05-06 12:01:40.873033,0x102,1A350A645001693B,67.1,normal
2026-05-06 12:01:40.907278,0x200,1AB704AB3300553A,68.39,normal
2026-05-06 12:01:40.913093,0x102,2ED00D1B4700633D,119.84,normal
2026-05-06 12:01:40.933712,0x102,01D503742601533E,4.69,normal
2026-05-06 12:01:40.948921,0x100,25C20D7A2B00503D,96.66,normal
2026-05-06 12:01:40.963920,0x102,17F4092F2F015940,61.32,normal
2026-05-06 12:01:40.969173,0x300,039C0C052D00463F,9.24,normal
2026-05-06 12:01:40.995124,0x101,2F08071028005B41,120.4,normal
2026-05-06 12:01:41.010080,0x100,161A082F36015241,56.58,normal
2026-05-06 12:01:41.053560,0x201,3E3B06321D016343,159.31,normal
2026-05-06 12:01:41.080783,0x200,3D9E0F7F42016843,157.74,normal
2026-05-06 12:01:41.114813,0x100,2640077A30006944,97.92,normal
2026-05-06 12:01:41.152086,0x100,0753050307015445,18.75,normal
2026-05-06 12:01:41.160317,0x201,22860B0854014947,88.38,normal
2026-05-06 12:01:41.186082,0x100,30610BED11014147,123.85,normal
2026-05-06 12:01:41.199285,0x201,069D04013E006149,16.93,normal
2026-05-06 12:01:41.234328,0x100,035F0A152D014649,8.63,normal
2026-05-06 12:01:41.267299,0x101,1893064C0B01584B,62.91,normal
2026-05-06 12:01:41.279720,0x200,0473055A62005E4B,11.39,normal
2026-05-06 12:01:41.291989,0x100,124A098F0F01464C,46.82,normal
2026-05-06 12:01:41.331899,0x200,0B070FE83800484D,28.23,normal
2026-05-06 12:01:41.375947,0x100,280C082B4E013F4E,102.52,normal
2026-05-06 12:01:41.387822,0x102,2F7A090B36015C51,121.54,normal
2026-05-06 12:01:41.424142,0x201,1DC4090A33015F51,76.21,normal
2026-05-06 12:01:41.439676,0x300,010E101513016451,2.7,normal
2026-05-06 12:01:41.458286,0x100,0A3708FF35006652,26.15,normal
2026-05-06 12:01:41.466112,0x100,1970099960014953,65.12,normal
2026-05-06 12:01:41.509479,0x300,0E6109B752015E54,36.81,normal
2026-05-06 12:01:41.534952,0x102,2C990A5350006157,114.17,normal
2026-05-06 12:01:41.579882,0x102,2C210C5357004658,112.97,normal
2026-05-06 12:01:41.586565,0x102,2EDA0EFE1D015F59,119.94,normal
2026-05-06 12:01:41.591859,0x101,21A90D6B0D006859,86.17,normal
2026-05-06 12:01:41.603110,0x300,0AFD0AA564015A59,28.13,normal
2026-05-06 12:01:41.611483,0x100,04190D273B01645A,10.49,normal
2026-05-06 12:01:41.632602,0x102,203A105F35005E5D,82.5,normal
2026-05-06 12:01:41.656473,0x201,3E55071423013C5D,159.57,normal
2026-05-06 12:01:41.666498,0x200,15840D4A5E005B5D,55.08,normal
2026-05-06 12:01:41.692313,0x201,10290D7252003C5F,41.37,normal
2026-05-06 12:01:41.722100,0x300,2802030356014F5F,102.42,normal
2026-05-06 12:01:41.760069,0x200,26A90C0805014660,98.97,normal
2026-05-06 12:01:41.787108,0x100,288C07E454006A61,103.8,normal
2026-05-06 12:01:41.796179,0x300,036E0EB42F006662,8.79,normal
2026-05-06 12:01:41.803991,0x100,015D0D9D33016463,3.49,normal
2026-05-06 12:01:41.814088,0x100,1F1703E117016064,79.6,normal
2026-05-06 12:01:41.857073,0x201,36D30CAF34006566,140.35,normal
2026-05-06 12:01:41.869390,0x100,23DF0ABF05006866,91.83,normal
2026-05-06 12:01:41.902052,0x301,0FF10C4C31016168,40.81,normal
2026-05-06 12:01:41.916763,0x200,29370EED62016168,105.51,normal
2026-05-06 12:01:41.926488,0x102,203308BC0E01516B,82.43,normal
2026-05-06 12:01:41.942848,0x100,1C0103E11001596A,71.69,normal
2026-05-06 12:01:41.954636,0x201,0C340CA75A003D6C,31.24,normal
2026-05-06 12:01:41.980516,0x101,0C4F05B32F00666D,31.51,normal
2026-05-06 12:01:42.022127,0x101,086F0E004800596E,21.59,normal
2026-05-06 12:01:42.035168,0x201,206F061E41004D6F,83.03,normal
2026-05-06 12:01:42.057732,0x100,295F074B0F01626F,105.91,normal
2026-05-06 12:01:42.094652,0x201,01370AE51B015371,3.11,normal
2026-05-06 12:01:42.123474,0x300,131307D058014471,48.83,normal
2026-05-06 12:01:42.143325,0x100,289B05D50F014872,103.95,normal
2026-05-06 12:01:42.179334,0x102,00C406B200015575,1.96,normal
2026-05-06 12:01:42.196533,0x100,218E060317005974,85.9,normal
2026-05-06 12:01:42.216703,0x100,078C04AE17003D75,19.33,normal
2026-05-06 12:01:42.234028,0x300,2A38041A25015876,108.08,normal
2026-05-06 12:01:42.261723,0x201,0EC506F71D004B78,37.81,normal
2026-05-06 12:01:42.268358,0x101,30030BF85C014179,122.91,normal
2026-05-06 12:01:42.291680,0x102,1AC306A038013D7B,68.51,normal
2026-05-06 12:01:42.330370,0x301,212E0F064200567B,84.94,normal
2026-05-06 12:01:42.348741,0x100,1FF106F30401657B,81.77,normal
2026-05-06 12:01:42.370577,0x102,11E4059D6101447E,45.8,normal
2026-05-06 12:01:42.381629,0x100,240310646401477D,92.19,normal
2026-05-06 12:01:42.422854,0x101,236F03C60401547F,90.71,normal
2026-05-06 12:01:42.454037,0x102,0D010B9253006C81,33.3,normal
2026-05-06 12:01:42.477405,0x200,31670C7918006780,126.47,normal
2026-05-06 12:01:42.493613,0x201,07020D311D015682,17.94,normal
2026-05-06 12:01:42.519610,0x300,32960CEE0A004982,129.5,normal
2026-05-06 12:01:42.538914,0x102,1B0305BA56006285,69.15,normal
2026-05-06 12:01:42.544668,0x102,21CD0D7F2E004286,86.53,normal
2026-05-06 12:01:42.565567,0x102,0A4407FF4C004C87,26.28,normal
2026-05-06 12:01:42.594126,0x102,2FFC100E0C014188,122.84,normal
2026-05-06 12:01:42.611139,0x102,10540B2C4D014889,41.8,normal
2026-05-06 12:01:42.619530,0x102,2A4B0F695500608A,108.27,normal
2026-05-06 12:01:42.646845,0x201,2A960E371701578A,109.02,normal
2026-05-06 12:01:42.682670,0x101,23C40E743001558B,91.56,normal
2026-05-06 12:01:42.691272,0x200,361B0C550E004E8B,138.51,normal
2026-05-06 12:01:42.698219,0x100,361F0C1531004D8C,138.55,normal
2026-05-06 12:01:42.714214,0x301,0CCF047549004A8E,32.79,normal
2026-05-06 12:01:42.722033,0x200,001A09344400488E,0.26,normal
2026-05-06 12:01:42.756877,0x201,2D42082902005F90,115.86,normal
2026-05-06 12:01:42.801483,0x101,0EFF0EB652004491,38.39,normal
2026-05-06 12:01:42.832907,0x201,02530B6537015892,5.95,normal
2026-05-06 12:01:42.850044,0x300,08440C5B24006692,21.16,normal
2026-05-06 12:01:42.862670,0x201,04F10E2131013F94,12.65,normal
2026-05-06 12:01:42.894786,0x201,351D0CEA63015D95,135.98,normal
2026-05-06 12:01:42.930549,0x102,31EA03B941006897,127.78,normal
2026-05-06 12:01:42.944967,0x102,27E9033414004698,102.17,normal
2026-05-06 12:01:42.989088,0x102,09F10F4121004F99,25.45,normal
2026-05-06 12:01:43.019012,0x300,321A07C041005E98,128.26,normal
2026-05-06 12:01:43.036885,0x300,0B0F0C8C0A006C99,28.31,normal
2026-05-06 12:01:43.076451,0x101,24EC0C982F014C9B,94.52,normal
2026-05-06 12:01:43.092921,0x100,1E0A0A572D01559B,76.9,normal
2026-05-06 12:01:43.106536,0x300,206E0F555A01419C,83.02,normal
2026-05-06 12:01:43.136450,0x201,14AF09411300499E,52.95,normal
2026-05-06 12:01:43.152367,0x102,11D30A071B015CA0,45.63,normal
2026-05-06 12:01:43.159488,0x101,25B90515110147A0,96.57,normal
2026-05-06 12:01:43.172515,0x100,19E908AB030049A0,66.33,normal
2026-05-06 12:01:43.217307,0x300,0AEC0CFF1F0153A1,27.96,normal
2026-05-06 12:01:43.256084,0x201,07E40C0B0C0150A3,20.2,normal
2026-05-06 12:01:43.295888,0x300,057410513A0043A3,13.96,normal
2026-05-06 12:01:43.328333,0x300,171804F7080058A4,59.12,normal
2026-05-06 12:01:43.349673,0x201,15460817580149A6,54.46,normal
2026-05-06 12:01:43.360974,0x101,01E80E721C005DA7,4.89,normal
2026-05-06 12:01:43.371665,0x100,073D0C58070167A7,18.53,normal
2026-05-06 12:01:43.414430,0x100,299107604A016DA8,106.41,normal
2026-05-06 12:01:43.433345,0x101,18C7087E560160AA,63.43,normal
2026-05-06 12:01:43.457210,0x101,27C20D9856004FAB,101.78,normal
2026-05-06 12:01:43.488953,0x102,1A2A05FA350162AD,66.99,normal
2026-05-06 12:01:43.533054,0x102,12B80EBF250042AE,47.92,normal
2026-05-06 12:01:43.549931,0x100,176708BB10004DAD,59.91,normal
2026-05-06 12:01:43.586674,0x101,217708B05B0058AF,85.67,normal
2026-05-06 12:01:43.599426,0x101,20490386330043B0,82.65,normal
2026-05-06 12:01:43.622298,0x200,10B50FF23D013FB0,42.77,normal
2026-05-06 12:01:43.640762,0x201,1035038C3D0150B2,41.49,normal
2026-05-06 12:01:43.658420,0x300,116E0B75170169B2,44.62,normal
2026-05-06 12:01:43.693258,0x200,0319077B0D005BB3,7.93,normal
2026-05-06 12:01:43.706636,0x101,2A9C07B91C013FB5,109.08,normal
2026-05-06 12:01:43.713093,0x102,21C00822570141B7,86.4,normal
2026-05-06 12:01:43.725960,0x102,13EA056530016AB8,50.98,normal
2026-05-06 12:01:43.752755,0x102,361C084606016AB9,138.52,normal
2026-05-06 12:01:43.777822,0x102,326C0E10330051BA,129.08,normal
2026-05-06 12:01:43.793721,0x200,239A0CD115015FB9,91.14,normal
2026-05-06 12:01:43.824485,0x102,003E02F62D013CBC,0.62,normal
2026-05-06 12:01:43.832485,0x102,047B0D091B015CBD,11.47,normal
2026-05-06 12:01:43.849829,0x301,2E8805BC3B006CBD,119.12,normal
2026-05-06 12:01:43.889550,0x101,28FE07860D005EBE,104.94,normal
2026-05-06 12:01:43.914193,0x100,0EFF0F7760014BBE,38.39,normal
2026-05-06 12:01:43.926452,0x100,1A350C05550161BF,67.09,normal
2026-05-06 12:01:43.948926,0x101,0285070F2E0064C1,6.45,normal
2026-05-06 12:01:43.983113,0x102,208608FE2C0058C3,83.26,normal
2026-05-06 12:01:44.008813,0x200,1FBB08085F0151C2,81.23,normal
2026-05-06 12:01:44.014450,0x101,1B601067360157C4,70.08,normal
2026-05-06 12:01:44.048032,0x101,245D07DE470150C5,93.09,normal
2026-05-06 12:01:44.069119,0x100,16A40E3D4F0169C5,57.96,normal
2026-05-06 12:01:44.097863,0x101,25500B0B4A004CC7,95.52,normal
2026-05-06 12:01:44.135925,0x100,00970DEC0C0143C7,1.51,normal
2026-05-06 12:01:44.176082,0x102,0F090C2D2B004FCA,38.49,normal
2026-05-06 12:01:44.193141,0x100,23DF08960D0162C9,91.83,normal
2026-05-06 12:01:44.206208,0x201,3258071A0C0140CB,128.89,normal
2026-05-06 12:01:44.249191,0x102,22770B1F020149CD,88.23,normal
2026-05-06 12:01:44.274407,0x300,0DC90F884E015DCC,35.29,normal
2026-05-06 12:01:44.284018,0x101,0D0105892C015BCE,33.3,normal
2026-05-06 12:01:44.306355,0x101,260E060F3B0155CF,97.42,normal
2026-05-06 12:01:44.333531,0x101,2536072127014ED0,95.26,normal
2026-05-06 12:01:44.344521,0x200,25AB0798220166D0,96.43,normal
2026-05-06 12:01:44.383339,0x100,26030E4127016DD1,97.31,normal
2026-05-06 12:01:44.397340,0x101,182D09E31B015ED3,61.89,normal
2026-05-06 12:01:44.421576,0x101,1BB10B3F590163D4,70.89,normal
2026-05-06 12:01:44.446530,0x101,09D60ED258005FD5,25.18,normal
2026-05-06 12:01:44.474416,0x300,062E0624440046D5,15.82,normal
2026-05-06 12:01:44.484239,0x102,15300F2C5F014CD8,54.24,normal
2026-05-06 12:01:44.521835,0x201,29BF0AC05C0050D8,106.87,normal
2026-05-06 12:01:44.542422,0x100,0F150A8E580153D8,38.61,normal
2026-05-06 12:01:44.561076,0x101,1A85071F48004ADA,67.89,normal
2026-05-06 12:01:44.596385,0x200,3139066A19005BDA,126.01,normal
2026-05-06 12:01:44.607534,0x101,279D102C3F0145DC,101.41,normal
2026-05-06 12:01:44.646868,0x100,208D0B55630156DC,83.33,normal
2026-05-06 12:01:44.683895,0x200,30F10DAD42015EDD,125.29,normal
2026-05-06 12:01:44.698007,0x201,0EDF0EBC630147DF,38.07,normal
2026-05-06 12:01:44.712475,0x300,0C5703D424015FDF,31.59,normal
2026-05-06 12:01:44.723825,0x100,1A990A8A180047E0,68.09,normal
2026-05-06 12:01:44.729194,0x101,11680AAD03015BE2,44.56,normal
2026-05-06 12:01:44.759260,0x100,11570C24580159E2,44.39,normal
2026-05-06 12:01:44.780739,0x102,0B640D3B520069E5,29.16,normal
2026-05-06 12:01:44.822166,0x101,10FE0DAB10004BE5,43.5,normal
2026-05-06 12:01:44.840478,0x200,0BDA05805C0041E5,30.34,normal
2026-05-06 12:01:44.845753,0x300,23BD096E230159E6,91.49,normal
2026-05-06 12:01:44.859695,0x100,19C3105C23015AE7,65.96,normal
2026-05-06 12:01:50.001000,0x100,17F809D942006210,61.36,flood_attack
2026-05-06 12:01:50.002000,0x100,16760F9104015111,57.5,flood_attack
2026-05-06 12:01:50.003000,0x100,28410C2141015F12,103.05,flood_attack
2026-05-06 12:01:50.004000,0x100,1D60058117015613,75.21,flood_attack
2026-05-06 12:01:50.005000,0x100,17910FF649014514,60.33,flood_attack
2026-05-06 12:01:50.006000,0x100,1A1C0E7333015415,66.84,flood_attack
2026-05-06 12:01:50.007000,0x100,232E0FD82C016916,90.06,flood_attack
2026-05-06 12:01:50.008000,0x100,2A300A0C58005B17,108.0,flood_attack
2026-05-06 12:01:50.009000,0x100,242F07313D015118,92.63,flood_attack
2026-05-06 12:01:50.010000,0x100,1B040CB83B013D19,69.16,flood_attack
2026-05-06 12:01:50.011000,0x100,11CC0E5B56003E1A,45.56,flood_attack
2026-05-06 12:01:50.012000,0x100,20F406F53E00451B,84.36,flood_attack
2026-05-06 12:01:50.013000,0x100,2BD20D391301681C,112.18,flood_attack
2026-05-06 12:01:50.014000,0x100,27EE047F1800431D,102.22,flood_attack
2026-05-06 12:01:50.015000,0x100,1AD80A542800481E,68.72,flood_attack
2026-05-06 12:01:50.016000,0x100,2ED80AEC1701651F,119.92,flood_attack
2026-05-06 12:01:50.017000,0x100,163D0B7B63014720,56.93,flood_attack
2026-05-06 12:01:50.018000,0x100,1DEF096B38014221,76.63,flood_attack
2026-05-06 12:01:50.019000,0x100,29820A3B1B005722,106.26,flood_attack
2026-05-06 12:01:50.020000,0x100,21AE101F3C013E23,86.22,flood_attack
2026-05-06 12:01:50.021000,0x100,16850CA410014B24,57.65,flood_attack
2026-05-06 12:01:50.022000,0x100,15D3059D5D005525,55.87,flood_attack
2026-05-06 12:01:50.023000,0x100,23D9034D24004926,91.77,flood_attack
2026-05-06 12:01:50.024000,0x100,205207E31D004D27,82.74,flood_attack
2026-05-06 12:01:50.025000,0x100,1ED70F9E33016D28,78.96,flood_attack
2026-05-06 12:01:50.026000,0x100,181F082E31004329,61.75,flood_attack
2026-05-06 12:01:50.027000,0x100,1BD50F3B4801442A,71.25,flood_attack
2026-05-06 12:01:50.028000,0x100,229C08AC2A003E2B,88.6,flood_attack
2026-05-06 12:01:50.029000,0x100,2CEA03D62901632C,114.98,flood_attack
2026-05-06 12:01:50.030000,0x100,1DC60CF95E014A2D,76.22,flood_attack
2026-05-06 12:01:50.031000,0x100,1DA802F94C014D2E,75.92,flood_attack
2026-05-06 12:01:50.032000,0x100,1C4104556400572F,72.33,flood_attack
2026-05-06 12:01:50.033000,0x100,25C60F0C40016530,96.7,flood_attack
2026-05-06 12:01:50.034000,0x100,2AD405E538014A31,109.64,flood_attack
2026-05-06 12:01:50.035000,0x100,123F0EBA3E016532,46.71,flood_attack
2026-05-06 12:01:50.036000,0x100,1EC70E7910014A33,78.79,flood_attack
2026-05-06 12:01:50.037000,0x100,20850C1E54004434,83.25,flood_attack
2026-05-06 12:01:50.038000,0x100,23830CFE4C006A35,90.91,flood_attack
2026-05-06 12:01:50.039000,0x100,14FF03125D005A36,53.75,flood_attack
2026-05-06 12:01:50.040000,0x100,280A0FB405005537,102.5,flood_attack
2026-05-06 12:01:50.041000,0x100,23D20A631E005138,91.7,flood_attack
2026-05-06 12:01:50.042000,0x100,21D10DA137013E39,86.57,flood_attack
2026-05-06 12:01:50.043000,0x100,1E73046C1501693A,77.96,flood_attack
2026-05-06 12:01:50.044000,0x100,2E3005321E01443B,118.24,flood_attack
2026-05-06 12:01:50.045000,0x100,180207433000673C,61.46,flood_attack
2026-05-06 12:01:50.046000,0x100,203A09EA05003D3D,82.5,flood_attack
2026-05-06 12:01:50.047000,0x100,183D076455015B3E,62.05,flood_attack
2026-05-06 12:01:50.048000,0x100,22120A6720016A3F,87.22,flood_attack
2026-05-06 12:01:50.049000,0x100,1B48072454006840,69.84,flood_attack
2026-05-06 12:01:50.050000,0x100,1FBD0AB65A014941,81.25,flood_attack
2026-05-06 12:01:50.051000,0x100,24DE04BA08015342,94.38,flood_attack
2026-05-06 12:01:50.052000,0x100,17F2041F06003C43,61.3,flood_attack
2026-05-06 12:01:50.053000,0x100,1B1809EF3B005244,69.36,flood_attack
2026-05-06 12:01:50.054000,0x100,1A6B101B64006A45,67.63,flood_attack
2026-05-06 12:01:50.055000,0x100,15420E9929015C46,54.42,flood_attack
2026-05-06 12:01:50.056000,0x100,2711099625006147,100.01,flood_attack
2026-05-06 12:01:50.057000,0x100,15370ECA21015F48,54.31,flood_attack
2026-05-06 12:01:50.058000,0x100,23E90C6954013E49,91.93,flood_attack
2026-05-06 12:01:50.059000,0x100,16B00EEB0400454A,58.08,flood_attack
2026-05-06 12:01:50.060000,0x100,11B402F73201564B,45.32,flood_attack
2026-05-06 12:01:50.061000,0x100,24DA0A4726013C4C,94.34,flood_attack
2026-05-06 12:01:50.062000,0x100,255207670500674D,95.54,flood_attack
2026-05-06 12:01:50.063000,0x100,123E0CB23500684E,46.7,flood_attack
2026-05-06 12:01:50.064000,0x100,225A0CEB3D005E4F,87.94,flood_attack
2026-05-06 12:01:50.065000,0x100,152A04FF44006850,54.18,flood_attack
2026-05-06 12:01:50.066000,0x100,2E1F0BEA2C004D51,118.07,flood_attack
2026-05-06 12:01:50.067000,0x100,27A6059636014852,101.5,flood_attack
2026-05-06 12:01:50.068000,0x100,169F0E2311005253,57.91,flood_attack
2026-05-06 12:01:50.069000,0x100,16900B7F01013E54,57.76,flood_attack
2026-05-06 12:01:50.070000,0x100,2CD204DA07013F55,114.74,flood_attack
2026-05-06 12:01:50.071000,0x100,1ECC0E9E18006C56,78.84,flood_attack
2026-05-06 12:01:50.072000,0x100,2C44071B28015257,113.32,flood_attack
2026-05-06 12:01:50.073000,0x100,1C910B0E03004A58,73.13,flood_attack
2026-05-06 12:01:50.074000,0x100,152C09820A005859,54.2,flood_attack
2026-05-06 12:01:50.075000,0x100,147908AD0A00545A,52.41,flood_attack
2026-05-06 12:01:50.076000,0x100,1E890F860D003C5B,78.17,flood_attack
2026-05-06 12:01:50.077000,0x100,173B03FC1701645C,59.47,flood_attack
2026-05-06 12:01:50.078000,0x100,2C66058A2900505D,113.66,flood_attack
2026-05-06 12:01:50.079000,0x100,26740ADB3F01455E,98.44,flood_attack
2026-05-06 12:01:50.080000,0x100,14BC0C5C2C01585F,53.08,flood_attack
2026-05-06 12:01:50.081000,0x100,15A410091D004B60,55.4,flood_attack
2026-05-06 12:01:50.082000,0x100,193B10392E015C61,64.6,flood_attack
2026-05-06 12:01:50.083000,0x100,2080086F14014162,83.2,flood_attack
2026-05-06 12:01:50.084000,0x100,29A803FF30013F63,106.64,flood_attack
2026-05-06 12:01:50.085000,0x100,1924034551006164,64.36,flood_attack
2026-05-06 12:01:50.086000,0x100,2B3D105D3C005165,110.69,flood_attack
2026-05-06 12:01:50.087000,0x100,1E1409D713015C66,77.0,flood_attack
2026-05-06 12:01:50.088000,0x100,22B808370F016867,88.88,flood_attack
2026-05-06 12:01:50.089000,0x100,1C60063D05014C68,72.64,flood_attack
2026-05-06 12:01:50.090000,0x100,2B10047C5C005469,110.24,flood_attack
2026-05-06 12:01:50.091000,0x100,2D990BB85801656A,116.73,flood_attack
2026-05-06 12:01:50.092000,0x100,2AC4085C2601616B,109.48,flood_attack
2026-05-06 12:01:50.093000,0x100,227E0F6F4801446C,88.3,flood_attack
2026-05-06 12:01:50.094000,0x100,27010D2360004B6D,99.85,flood_attack
2026-05-06 12:01:50.095000,0x100,2E7805312601456E,118.96,flood_attack
2026-05-06 12:01:50.096000,0x100,14DE052C4F01576F,53.42,flood_attack
2026-05-06 12:01:50.097000,0x100,1A93099D3D014C70,68.03,flood_attack
2026-05-06 12:01:50.098000,0x100,1EB70A2457005D71,78.63,flood_attack
2026-05-06 12:01:50.099000,0x100,27EA10403A006D72,102.18,flood_attack
2026-05-06 12:01:50.100000,0x100,18A707121A014073,63.11,flood_attack
2026-05-06 12:01:50.101000,0x100,21CF03BD3D016074,86.55,flood_attack
2026-05-06 12:01:50.102000,0x100,1B6804F901005B75,70.16,flood_attack
2026-05-06 12:01:50.103000,0x100,2ED60ABE1D014576,119.9,flood_attack
2026-05-06 12:01:50.104000,0x100,19D507ED2A014877,66.13,flood_attack
2026-05-06 12:01:50.105000,0x100,1BBE06A240014D78,71.02,flood_attack
2026-05-06 12:01:50.106000,0x100,1D2E0A1F04006979,74.7,flood_attack
2026-05-06 12:01:50.107000,0x100,1D800D2D2100407A,75.52,flood_attack
2026-05-06 12:01:50.108000,0x100,24280E6057003E7B,92.56,flood_attack
2026-05-06 12:01:50.109000,0x100,15D60A060E015A7C,55.9,flood_attack
2026-05-06 12:01:50.110000,0x100,2C910D412C004D7D,114.09,flood_attack
2026-05-06 12:01:50.111000,0x100,280406504A00487E,102.44,flood_attack
2026-05-06 12:01:50.112000,0x100,164A08442400627F,57.06,flood_attack
2026-05-06 12:01:50.113000,0x100,25F10C9543006580,97.13,flood_attack
2026-05-06 12:01:50.114000,0x100,19B20EB222013E81,65.78,flood_attack
2026-05-06 12:01:50.115000,0x100,2B080C6C3A014A82,110.16,flood_attack
2026-05-06 12:01:50.116000,0x100,139D0C4849016183,50.21,flood_attack
2026-05-06 12:01:50.117000,0x100,25180D2B14006984,94.96,flood_attack
2026-05-06 12:01:50.118000,0x100,27A509FC42015C85,101.49,flood_attack
2026-05-06 12:01:50.119000,0x100,2C1306C65D015986,112.83,flood_attack
2026-05-06 12:01:50.120000,0x100,1DC90BA424006487,76.25,flood_attack
2026-05-06 12:01:50.121000,0x100,2477032907014388,93.35,flood_attack
2026-05-06 12:01:50.122000,0x100,2BF3095059006B89,112.51,flood_attack
2026-05-06 12:01:50.123000,0x100,1E1D080D4F00658A,77.09,flood_attack
2026-05-06 12:01:50.124000,0x100,1AD40AE20E006D8B,68.68,flood_attack
2026-05-06 12:01:50.125000,0x100,12770AD33C005C8C,47.27,flood_attack
2026-05-06 12:01:50.126000,0x100,258D06CD1901608D,96.13,flood_attack
2026-05-06 12:01:50.127000,0x100,17EB0AC05300468E,61.23,flood_attack
2026-05-06 12:01:50.128000,0x100,25FD0F124F01458F,97.25,flood_attack
2026-05-06 12:01:50.129000,0x100,188D037E4E014090,62.85,flood_attack
2026-05-06 12:01:50.130000,0x100,172B083E2E006A91,59.31,flood_attack
2026-05-06 12:01:50.131000,0x100,220A08B827016C92,87.14,flood_attack
2026-05-06 12:01:50.132000,0x100,1F2A045D2B015093,79.78,flood_attack
2026-05-06 12:01:50.133000,0x100,1AB906D520005E94,68.41,flood_attack
2026-05-06 12:01:50.134000,0x100,12C609CC44004695,48.06,flood_attack
2026-05-06 12:01:50.135000,0x100,1CD50CCC0E005796,73.82,flood_attack
2026-05-06 12:01:50.136000,0x100,26F209A723004497,99.7,flood_attack
2026-05-06 12:01:50.137000,0x100,1837099A52014998,61.99,flood_attack
2026-05-06 12:01:50.138000,0x100,28460C2121014599,103.1,flood_attack
2026-05-06 12:01:50.139000,0x100,26E306D32F003D9A,99.55,flood_attack
2026-05-06 12:01:50.140000,0x100,2DB408F80E004D9B,117.0,flood_attack
2026-05-06 12:01:50.141000,0x100,1CDA10663101639C,73.86,flood_attack
2026-05-06 12:01:50.142000,0x100,11C20F585E005C9D,45.46,flood_attack
2026-05-06 12:01:50.143000,0x100,2D6E06C952016A9E,116.3,flood_attack
2026-05-06 12:01:50.144000,0x100,233003112400529F,90.08,flood_attack
2026-05-06 12:01:50.145000,0x100,24DB07112B0060A0,94.35,flood_attack
2026-05-06 12:01:50.146000,0x100,144509A9530046A1,51.89,flood_attack
2026-05-06 12:01:50.147000,0x100,2D3C0D220F0042A2,115.8,flood_attack
2026-05-06 12:01:50.148000,0x100,295D04EB520060A3,105.89,flood_attack
2026-05-06 12:01:50.149000,0x100,2DB8093D1B0065A4,117.04,flood_attack
2026-05-06 12:01:50.150000,0x100,1BE40CCA360152A5,71.4,flood_attack
2026-05-06 12:01:50.151000,0x100,11C003443A0161A6,45.44,flood_attack
2026-05-06 12:01:50.152000,0x100,16B10FD25E0156A7,58.09,flood_attack
2026-05-06 12:01:50.153000,0x100,16CD02FD410045A8,58.37,flood_attack
2026-05-06 12:01:50.154000,0x100,13710B7F450141A9,49.77,flood_attack
2026-05-06 12:01:50.155000,0x100,14B10D024A003EAA,52.97,flood_attack
2026-05-06 12:01:50.156000,0x100,294D04B1500043AB,105.73,flood_attack
2026-05-06 12:01:50.157000,0x100,20C40BEA09005BAC,83.88,flood_attack
2026-05-06 12:01:50.158000,0x100,136C0AFE5F0146AD,49.72,flood_attack
2026-05-06 12:01:50.159000,0x100,259603830C0146AE,96.22,flood_attack
2026-05-06 12:01:50.160000,0x100,1EC909EB39016DAF,78.82,flood_attack
2026-05-06 12:01:50.161000,0x100,125603F200004DB0,46.94,flood_attack
2026-05-06 12:01:50.162000,0x100,1C4D0327590069B1,72.46,flood_attack
2026-05-06 12:01:50.163000,0x100,2B600DF10E0150B2,111.04,flood_attack
2026-05-06 12:01:50.164000,0x100,276E09951F015DB3,100.94,flood_attack
2026-05-06 12:01:50.165000,0x100,18870E31200067B4,62.79,flood_attack
2026-05-06 12:01:50.166000,0x100,18EB0F4061004BB5,63.79,flood_attack
2026-05-06 12:01:50.167000,0x100,12440A4B190144B6,46.76,flood_attack
2026-05-06 12:01:50.168000,0x100,206D0B190B005BB7,83.01,flood_attack
2026-05-06 12:01:50.169000,0x100,2B3609F9240044B8,110.62,flood_attack
2026-05-06 12:01:50.170000,0x100,1D4C0EA64F0059B9,75.0,flood_attack
2026-05-06 12:01:50.171000,0x100,148B0BD6360053BA,52.59,flood_attack
2026-05-06 12:01:50.172000,0x100,1B29079D0B006DBB,69.53,flood_attack
2026-05-06 12:01:50.173000,0x100,16BC0955130043BC,58.2,flood_attack
2026-05-06 12:01:50.174000,0x100,22480B652C0048BD,87.76,flood_attack
2026-05-06 12:01:50.175000,0x100,1E2808E844004ABE,77.21,flood_attack
2026-05-06 12:01:50.176000,0x100,2C640F761E0045BF,113.64,flood_attack
2026-05-06 12:01:50.177000,0x100,2D8B0ECF51014DC0,116.59,flood_attack
2026-05-06 12:01:50.178000,0x100,2A3B0DDE34014DC1,108.11,flood_attack
2026-05-06 12:01:50.179000,0x100,2A2D07E14B004AC2,107.97,flood_attack
2026-05-06 12:01:50.180000,0x100,235A094A25013CC3,90.5,flood_attack
2026-05-06 12:01:50.181000,0x100,2DC20BCE370059C4,117.14,flood_attack
2026-05-06 12:01:50.182000,0x100,2327034B37014AC5,89.99,flood_attack
2026-05-06 12:01:50.183000,0x100,2E0B0C6E3E015DC6,117.87,flood_attack
2026-05-06 12:01:50.184000,0x100,1EE70EE21D013FC7,79.11,flood_attack
2026-05-06 12:01:50.185000,0x100,1BD70B2C11005DC8,71.27,flood_attack
2026-05-06 12:01:50.186000,0x100,2B550EA11E014CC9,110.93,flood_attack
2026-05-06 12:01:50.187000,0x100,253806BD0F006ACA,95.28,flood_attack
2026-05-06 12:01:50.188000,0x100,1C3D0B540A0044CB,72.29,flood_attack
2026-05-06 12:01:50.189000,0x100,2CE80D1118015DCC,114.96,flood_attack
2026-05-06 12:01:50.190000,0x100,16270CCC130167CD,56.71,flood_attack
2026-05-06 12:01:50.191000,0x100,15EA0DD9010155CE,56.1,flood_attack
2026-05-06 12:01:50.192000,0x100,2ADA0E57200042CF,109.7,flood_attack
2026-05-06 12:01:50.193000,0x100,2E5B0AE5440066D0,118.67,flood_attack
2026-05-06 12:01:50.194000,0x100,279D092246014FD1,101.41,flood_attack
2026-05-06 12:01:50.195000,0x100,1B150FC248015FD2,69.33,flood_attack
2026-05-06 12:01:50.196000,0x100,2D6D059339004AD3,116.29,flood_attack
2026-05-06 12:01:50.197000,0x100,1FEA0F9A3D0051D4,81.71,flood_attack
2026-05-06 12:01:50.198000,0x100,28C106833B013CD5,104.33,flood_attack
2026-05-06 12:01:50.199000,0x100,2246060B3F0169D6,87.74,flood_attack
2026-05-06 12:01:50.200000,0x100,1DB305323A0153D7,76.03,flood_attack
2026-05-06 12:01:50.201000,0x100,2127085A060068D8,84.87,flood_attack
2026-05-06 12:01:50.202000,0x100,2C400A04370057D9,113.28,flood_attack
2026-05-06 12:01:50.203000,0x100,1344093D3C0151DA,49.32,flood_attack
2026-05-06 12:01:50.204000,0x100,265A0B0004005FDB,98.18,flood_attack
2026-05-06 12:01:50.205000,0x100,19FC0F6141005BDC,66.52,flood_attack
2026-05-06 12:01:50.206000,0x100,183904CA2C0065DD,62.01,flood_attack
2026-05-06 12:01:50.207000,0x100,23521021060152DE,90.42,flood_attack
2026-05-06 12:01:50.208000,0x100,1AB60A3040005ADF,68.38,flood_attack
2026-05-06 12:01:50.209000,0x100,11E20EBE3D0060E0,45.78,flood_attack
2026-05-06 12:01:50.210000,0x100,281903D805014BE1,102.65,flood_attack
2026-05-06 12:01:50.211000,0x100,1DEB0CA6120151E2,76.6,flood_attack
2026-05-06 12:01:50.212000,0x100,13A90E740B005DE3,50.33,flood_attack
2026-05-06 12:01:50.213000,0x100,1945043547003EE4,64.69,flood_attack
2026-05-06 12:01:50.214000,0x100,22100509270063E5,87.2,flood_attack
2026-05-06 12:01:50.215000,0x100,288C037325005BE6,103.8,flood_attack
2026-05-06 12:01:50.216000,0x100,183F0D423A0140E7,62.07,flood_attack
2026-05-06 12:01:50.217000,0x100,1E4F0690120168E8,77.6,flood_attack
2026-05-06 12:01:50.218000,0x100,1E9D0CC33B004EE9,78.37,flood_attack
2026-05-06 12:01:50.219000,0x100,1A0A0FDE140169EA,66.66,flood_attack
2026-05-06 12:01:50.220000,0x100,290004E70D0161EB,104.96,flood_attack
2026-05-06 12:01:50.221000,0x100,1DD709E4010056EC,76.39,flood_attack
2026-05-06 12:01:50.222000,0x100,1563035A15015EED,54.75,flood_attack
2026-05-06 12:01:50.223000,0x100,191D0AEB5A005CEE,64.29,flood_attack
2026-05-06 12:01:50.224000,0x100,29F60FFD3E0167EF,107.42,flood_attack
2026-05-06 12:01:50.225000,0x100,1C2D0B59370055F0,72.13,flood_attack
2026-05-06 12:01:50.226000,0x100,2C0E0AAB100158F1,112.78,flood_attack
2026-05-06 12:01:50.227000,0x100,27AE07FE250167F2,101.58,flood_attack
2026-05-06 12:01:50.228000,0x100,1C820E89110159F3,72.98,flood_attack
2026-05-06 12:01:50.229000,0x100,1DE60E1C01013FF4,76.54,flood_attack
2026-05-06 12:01:50.230000,0x100,174D0FE84D0068F5,59.65,flood_attack
2026-05-06 12:01:50.231000,0x100,219003E60A0056F6,85.92,flood_attack
2026-05-06 12:01:50.232000,0x100,2AA504FD4B004AF7,109.17,flood_attack
2026-05-06 12:01:50.233000,0x100,15350AB95A0166F8,54.29,flood_attack
2026-05-06 12:01:50.234000,0x100,13270776530040F9,49.03,flood_attack
2026-05-06 12:01:50.235000,0x100,136F0FDA4C0156FA,49.75,flood_attack
2026-05-06 12:01:50.236000,0x100,1DB90DC75B0065FB,76.09,flood_attack
2026-05-06 12:01:50.237000,0x100,13440B363E0162FC,49.32,flood_attack
2026-05-06 12:01:50.238000,0x100,21B5071D63015EFD,86.29,flood_attack
2026-05-06 12:01:50.239000,0x100,14A10839140165FE,52.81,flood_attack
2026-05-06 12:01:50.240000,0x100,2EC80481090141FF,119.76,flood_attack
2026-05-06 12:01:50.241000,0x100,27F1073F06003F00,102.25,flood_attack
2026-05-06 12:01:50.242000,0x100,2B9E105D50016801,111.66,flood_attack
2026-05-06 12:01:50.243000,0x100,24A3105A20006902,93.79,flood_attack
2026-05-06 12:01:50.244000,0x100,1A5404D01B016803,67.4,flood_attack
2026-05-06 12:01:50.245000,0x100,25860D365A014304,96.06,flood_attack
2026-05-06 12:01:50.246000,0x100,2D7A0F273D015D05,116.42,flood_attack
2026-05-06 12:01:50.247000,0x100,2C5B050826005F06,113.55,flood_attack
2026-05-06 12:01:50.248000,0x100,24570E8D4F006807,93.03,flood_attack
2026-05-06 12:01:50.249000,0x100,258009A906004508,96.0,flood_attack
2026-05-06 12:01:50.250000,0x100,2D87085761006C09,116.55,flood_attack
2026-05-06 12:01:50.251000,0x100,12A80D182600610A,47.76,flood_attack
2026-05-06 12:01:50.252000,0x100,27A3056708005A0B,101.47,flood_attack
2026-05-06 12:01:50.253000,0x100,15C40CFA3100470C,55.72,flood_attack
2026-05-06 12:01:50.254000,0x100,13230C0D0800690D,48.99,flood_attack
2026-05-06 12:01:50.255000,0x100,2765076D5E01530E,100.85,flood_attack
2026-05-06 12:01:50.256000,0x100,1DB00FA524015A0F,76.0,flood_attack
2026-05-06 12:01:50.257000,0x100,1BE10E1F4B016410,71.37,flood_attack
2026-05-06 12:01:50.258000,0x100,2B3D0E3E18015611,110.69,flood_attack
2026-05-06 12:01:50.259000,0x100,182007B803015F12,61.76,flood_attack
2026-05-06 12:01:50.260000,0x100,21A907B149014013,86.17,flood_attack
2026-05-06 12:02:20.001000,0x100,1A03073F16015D07,66.6,replay_attack
2026-05-06 12:02:20.002000,0x101,351608D35A016205,135.9,replay_attack
2026-05-06 12:02:20.003000,0x102,2EF403E846004002,120.2,replay_attack
2026-05-06 12:02:20.004000,0x200,03FD0E7853005B03,10.21,replay_attack
2026-05-06 12:02:20.005000,0x100,1A03073F16015D07,66.6,replay_attack
2026-05-06 12:02:20.006000,0x101,351608D35A016205,135.9,replay_attack
2026-05-06 12:02:20.007000,0x102,2EF403E846004002,120.2,replay_attack
2026-05-06 12:02:20.008000,0x200,03FD0E7853005B03,10.21,replay_attack
2026-05-06 12:02:20.009000,0x100,1A03073F16015D07,66.6,replay_attack
2026-05-06 12:02:20.010000,0x101,351608D35A016205,135.9,replay_attack
2026-05-06 12:02:20.011000,0x102,2EF403E846004002,120.2,replay_attack
2026-05-06 12:02:20.012000,0x200,03FD0E7853005B03,10.21,replay_attack
2026-05-06 12:02:20.013000,0x100,1A03073F16015D07,66.6,replay_attack
2026-05-06 12:02:20.014000,0x101,351608D35A016205,135.9,replay_attack
2026-05-06 12:02:20.015000,0x102,2EF403E846004002,120.2,replay_attack
2026-05-06 12:02:20.016000,0x200,03FD0E7853005B03,10.21,replay_attack
2026-05-06 12:02:20.017000,0x100,1A03073F16015D07,66.6,replay_attack
2026-05-06 12:02:20.018000,0x101,351608D35A016205,135.9,replay_attack
2026-05-06 12:02:20.019000,0x102,2EF403E846004002,120.2,replay_attack
2026-05-06 12:02:20.020000,0x200,03FD0E7853005B03,10.21,replay_attack
2026-05-06 12:02:20.021000,0x100,1A03073F16015D07,66.6,replay_attack
2026-05-06 12:02:20.022000,0x101,351608D35A016205,135.9,replay_attack
2026-05-06 12:02:20.023000,0x102,2EF403E846004002,120.2,replay_attack
2026-05-06 12:02:20.024000,0x200,03FD0E7853005B03,10.21,replay_attack
2026-05-06 12:02:20.025000,0x100,1A03073F16015D07,66.6,replay_attack
2026-05-06 12:02:20.026000,0x101,351608D35A016205,135.9,replay_attack
2026-05-06 12:02:20.027000,0x102,2EF403E846004002,120.2,replay_attack
2026-05-06 12:02:20.028000,0x200,03FD0E7853005B03,10.21,replay_attack
2026-05-06 12:02:20.029000,0x100,1A03073F16015D07,66.6,replay_attack
2026-05-06 12:02:20.030000,0x101,351608D35A016205,135.9,replay_attack
2026-05-06 12:02:20.031000,0x102,2EF403E846004002,120.2,replay_attack
2026-05-06 12:02:20.032000,0x200,03FD0E7853005B03,10.21,replay_attack
2026-05-06 12:02:20.033000,0x100,1A03073F16015D07,66.6,replay_attack
2026-05-06 12:02:20.034000,0x101,351608D35A016205,135.9,replay_attack
2026-05-06 12:02:20.035000,0x102,2EF403E846004002,120.2,replay_attack
2026-05-06 12:02:20.036000,0x200,03FD0E7853005B03,10.21,replay_attack
2026-05-06 12:02:20.037000,0x100,1A03073F16015D07,66.6,replay_attack
2026-05-06 12:02:20.038000,0x101,351608D35A016205,135.9,replay_attack
2026-05-06 12:02:20.039000,0x102,2EF403E846004002,120.2,replay_attack
2026-05-06 12:02:20.040000,0x200,03FD0E7853005B03,10.21,replay_attack
2026-05-06 12:02:20.041000,0x100,1A03073F16015D07,66.6,replay_attack
2026-05-06 12:02:20.042000,0x101,351608D35A016205,135.9,replay_attack
2026-05-06 12:02:20.043000,0x102,2EF403E846004002,120.2,replay_attack
2026-05-06 12:02:20.044000,0x200,03FD0E7853005B03,10.21,replay_attack
2026-05-06 12:02:20.045000,0x100,1A03073F16015D07,66.6,replay_attack
2026-05-06 12:02:20.046000,0x101,351608D35A016205,135.9,replay_attack
2026-05-06 12:02:20.047000,0x102,2EF403E846004002,120.2,replay_attack
2026-05-06 12:02:20.048000,0x200,03FD0E7853005B03,10.21,replay_attack
2026-05-06 12:02:20.049000,0x100,1A03073F16015D07,66.6,replay_attack
2026-05-06 12:02:20.050000,0x101,351608D35A016205,135.9,replay_attack
2026-05-06 12:02:20.051000,0x102,2EF403E846004002,120.2,replay_attack
2026-05-06 12:02:20.052000,0x200,03FD0E7853005B03,10.21,replay_attack
2026-05-06 12:02:20.053000,0x100,1A03073F16015D07,66.6,replay_attack
2026-05-06 12:02:20.054000,0x101,351608D35A016205,135.9,replay_attack
2026-05-06 12:02:20.055000,0x102,2EF403E846004002,120.2,replay_attack
2026-05-06 12:02:20.056000,0x200,03FD0E7853005B03,10.21,replay_attack
2026-05-06 12:02:20.057000,0x100,1A03073F16015D07,66.6,replay_attack
2026-05-06 12:02:20.058000,0x101,351608D35A016205,135.9,replay_attack
2026-05-06 12:02:20.059000,0x102,2EF403E846004002,120.2,replay_attack
2026-05-06 12:02:20.060000,0x200,03FD0E7853005B03,10.21,replay_attack
2026-05-06 12:02:20.061000,0x100,1A03073F16015D07,66.6,replay_attack
2026-05-06 12:02:20.062000,0x101,351608D35A016205,135.9,replay_attack
2026-05-06 12:02:20.063000,0x102,2EF403E846004002,120.2,replay_attack
2026-05-06 12:02:20.064000,0x200,03FD0E7853005B03,10.21,replay_attack
2026-05-06 12:02:20.065000,0x100,1A03073F16015D07,66.6,replay_attack
2026-05-06 12:02:20.066000,0x101,351608D35A016205,135.9,replay_attack
2026-05-06 12:02:20.067000,0x102,2EF403E846004002,120.2,replay_attack
2026-05-06 12:02:20.068000,0x200,03FD0E7853005B03,10.21,replay_attack
2026-05-06 12:02:20.069000,0x100,1A03073F16015D07,66.6,replay_attack
2026-05-06 12:02:20.070000,0x101,351608D35A016205,135.9,replay_attack
2026-05-06 12:02:20.071000,0x102,2EF403E846004002,120.2,replay_attack
2026-05-06 12:02:20.072000,0x200,03FD0E7853005B03,10.21,replay_attack
2026-05-06 12:02:20.073000,0x100,1A03073F16015D07,66.6,replay_attack
2026-05-06 12:02:20.074000,0x101,351608D35A016205,135.9,replay_attack
2026-05-06 12:02:20.075000,0x102,2EF403E846004002,120.2,replay_attack
2026-05-06 12:02:20.076000,0x200,03FD0E7853005B03,10.21,replay_attack
2026-05-06 12:02:20.077000,0x100,1A03073F16015D07,66.6,replay_attack
2026-05-06 12:02:20.078000,0x101,351608D35A016205,135.9,replay_attack
2026-05-06 12:02:20.079000,0x102,2EF403E846004002,120.2,replay_attack
2026-05-06 12:02:20.080000,0x200,03FD0E7853005B03,10.21,replay_attack
2026-05-06 12:02:50.039865,0x7AB,1B8510540D0155EB,70.45,unknown_id
2026-05-06 12:02:50.071992,0x555,308E100352016496,124.3,unknown_id
2026-05-06 12:02:50.095883,0x7AB,26FB0DF1220044ED,99.79,unknown_id
2026-05-06 12:02:50.129041,0x555,23AB0BC334016998,91.31,unknown_id
2026-05-06 12:02:50.158828,0x777,18ED082650015EBB,63.81,unknown_id
2026-05-06 12:02:50.185759,0x7AB,1DBE075E49015FF0,76.14,unknown_id
2026-05-06 12:02:50.220669,0x666,2A3E0396520162AC,108.14,unknown_id
2026-05-06 12:02:50.251040,0x555,284B09743401639C,103.15,unknown_id
2026-05-06 12:02:50.270047,0x666,15B8057E1F0055AE,55.6,unknown_id
2026-05-06 12:02:50.305413,0x777,2884044D11004EC0,103.72,unknown_id
2026-05-06 12:02:50.320165,0x666,10820C1F220155B0,42.26,unknown_id
2026-05-06 12:02:50.350293,0x7AB,130F0DFC21005CF6,48.79,unknown_id
2026-05-06 12:02:50.376777,0x555,304A040D590168A1,123.62,unknown_id
2026-05-06 12:02:50.392731,0x666,170D0F92210149B3,59.01,unknown_id
2026-05-06 12:02:50.419753,0x555,3110090D470167A3,125.6,unknown_id
2026-05-06 12:02:50.432756,0x555,2BC90C09640167A4,112.09,unknown_id
2026-05-06 12:02:50.443467,0x7AB,061B062B3E0166FB,15.63,unknown_id
2026-05-06 12:02:50.468878,0x777,20100F8719005AC8,82.08,unknown_id
2026-05-06 12:02:50.479798,0x666,29340B91640158B8,105.48,unknown_id
2026-05-06 12:02:50.514586,0x666,283E046E0C0045B9,103.02,unknown_id
2026-05-06 12:02:50.543700,0x777,09F906B02F003FCB,25.53,unknown_id
2026-05-06 12:02:50.568033,0x555,22C008BF11005FAA,88.96,unknown_id
2026-05-06 12:02:50.586464,0x555,0F4006FE31015FAB,39.05,unknown_id
2026-05-06 12:02:50.611239,0x7AB,060A080B1A004302,15.46,unknown_id
2026-05-06 12:02:50.646522,0x7AB,34FB03E455014C03,135.64,unknown_id
2026-05-06 12:02:50.681942,0x777,054E0C4C4E0041D0,13.58,unknown_id
2026-05-06 12:02:50.717165,0x666,070309F8140157C0,17.95,unknown_id
2026-05-06 12:02:50.731317,0x555,2C6C0E012E0068B0,113.72,unknown_id
2026-05-06 12:02:50.760379,0x555,12BF0B424D005FB1,47.99,unknown_id
2026-05-06 12:02:50.773523,0x7AB,1EC50A481B014908,78.77,unknown_id
2026-05-06 12:02:50.801361,0x777,2B5F0DA4500148D5,111.03,unknown_id
2026-05-06 12:02:50.825333,0x666,046104A24B014BC5,11.21,unknown_id
2026-05-06 12:02:50.852178,0x666,2D84050C49015CC6,116.52,unknown_id
2026-05-06 12:02:50.863556,0x7AB,364E0B7D19014B0C,139.02,unknown_id
2026-05-06 12:02:50.881036,0x555,1FF80664020058B7,81.85,unknown_id
2026-05-06 12:02:50.910705,0x666,2E5C05DA450159C9,118.68,unknown_id
2026-05-06 12:02:50.925137,0x666,05CD0DE42F0044CA,14.85,unknown_id
2026-05-06 12:02:50.955159,0x555,169D0D4741014DBA,57.89,unknown_id
2026-05-06 12:02:50.978832,0x777,063908FE350046DD,15.93,unknown_id
2026-05-06 12:02:51.005213,0x777,07BB087F43004BDE,19.79,unknown_id
2026-05-06 12:02:51.015646,0x555,1D2C04DC0F006CBD,74.68,unknown_id
2026-05-06 12:02:51.032866,0x777,2B26049C1C005BE0,110.46,unknown_id
2026-05-06 12:02:51.066842,0x666,064708014A0153D0,16.08,unknown_id
2026-05-06 12:02:51.105912,0x7AB,0F200C024C004D16,38.73,unknown_id
2026-05-06 12:02:51.120720,0x555,1D570BD60D0148C1,75.11,unknown_id
2026-05-06 12:02:51.140817,0x7AB,25C80C0324013E18,96.72,unknown_id
2026-05-06 12:02:51.162157,0x777,1C710FB9410054E5,72.82,unknown_id
2026-05-06 12:02:51.201058,0x777,3203101D39004EE6,128.03,unknown_id
2026-05-06 12:02:51.228479,0x7AB,2FA40DE32401551B,121.96,unknown_id
2026-05-06 12:02:51.242044,0x666,20CF0A520F013FD7,83.99,unknown_id
2026-05-06 12:02:51.267004,0x777,2F480BB1260140E9,121.04,unknown_id
2026-05-06 12:02:51.299807,0x7AB,279E0F5001005B1E,101.42,unknown_id
2026-05-06 12:02:51.313421,0x777,0BD903892C0155EB,30.33,unknown_id
2026-05-06 12:02:51.351884,0x777,359F09CC5A0142EC,137.27,unknown_id
2026-05-06 12:02:51.388236,0x555,30240E334F0060CB,123.24,unknown_id
2026-05-06 12:02:51.425950,0x555,0CBC0884250052CC,32.6,unknown_id
2026-05-06 12:02:51.439683,0x666,36620304250153DE,139.23,unknown_id
2026-05-06 12:02:51.458220,0x7AB,0F150DFE2B005224,38.61,unknown_id
2026-05-06 12:02:51.468388,0x7AB,36850D634F015325,139.57,unknown_id
2026-05-06 12:02:51.490171,0x666,08C907121A0055E1,22.49,unknown_id
2026-05-06 12:03:20.020000,0x100,8DDE04CA37006650,363.18,invalid_value
2026-05-06 12:03:20.040000,0x101,85CC065502003D52,342.52,invalid_value
2026-05-06 12:03:20.060000,0x200,823E0BBF39006452,333.42,invalid_value
2026-05-06 12:03:20.080000,0x100,9FA40CDB40015053,408.68,invalid_value
2026-05-06 12:03:20.100000,0x101,83090F5F28014C55,335.45,invalid_value
2026-05-06 12:03:20.120000,0x200,9EFC06F231014755,407.0,invalid_value
2026-05-06 12:03:20.140000,0x100,88480ACF0D006956,348.88,invalid_value
2026-05-06 12:03:20.160000,0x101,7EF6088701004558,325.03,invalid_value
2026-05-06 12:03:20.180000,0x200,9CAD046934015B58,401.09,invalid_value
2026-05-06 12:03:20.200000,0x100,8AF90EE206006659,355.77,invalid_value
2026-05-06 12:03:20.220000,0x101,847F051A0300585B,339.19,invalid_value
2026-05-06 12:03:20.240000,0x200,80410F9E0901645B,328.33,invalid_value
2026-05-06 12:03:20.260000,0x100,9034043918014D5C,369.16,invalid_value
2026-05-06 12:03:20.280000,0x101,997C0C140600415E,392.92,invalid_value
2026-05-06 12:03:20.300000,0x200,9513048C3D006C5E,381.63,invalid_value
2026-05-06 12:03:20.320000,0x100,8BA108980600565F,357.45,invalid_value
2026-05-06 12:03:20.340000,0x101,95EF07F60E015761,383.83,invalid_value
2026-05-06 12:03:20.360000,0x200,84BA0A3755006561,339.78,invalid_value
2026-05-06 12:03:20.380000,0x100,8DC80ECF61006C62,362.96,invalid_value
2026-05-06 12:03:20.400000,0x101,820D035325015A64,332.93,invalid_value
2026-05-06 12:03:20.420000,0x200,805009CA26004964,328.48,invalid_value
2026-05-06 12:03:20.440000,0x100,A2310A5E29006265,415.21,invalid_value
2026-05-06 12:03:20.460000,0x101,8C1B0BDA0D016767,358.67,invalid_value
2026-05-06 12:03:20.480000,0x200,7D0405E005014E67,320.04,invalid_value
